,aOR,CI_lower_95,CI_upper_95,outcome,coeff_est,coeff_std_err,coeff_t_value,coeff_p_value,outcome
(Intercept),0.178540504,0.142399398,0.223854257,lifetime_use,-1.722939793,0.115399936,-14.9301625,2.87E-14,lifetime_use
Gender,,,,,,,,,
Women,1,,,,,,,,lifetime_use
Men,0.767371096,0.724418202,0.812870795,lifetime_use,-0.264784767,0.029389142,-9.009611962,1.78E-09,lifetime_use
Employment,,,,,,,,,
Full-time,1,,,,,,,,
Part-time,1.008962194,0.929742114,1.094932341,lifetime_use,0.008922272,0.041720308,0.213859204,0.832325121,lifetime_use
Other (incl. not in labor force),0.898906961,0.827853806,0.976058475,lifetime_use,-0.106575742,0.042012487,-2.536763479,0.017531593,lifetime_use
Unemployed,1.013582642,0.873941379,1.175536253,lifetime_use,0.013491225,0.075630575,0.178383216,0.859804695,lifetime_use
Education,,,,,,,,,
College graduate,1,,,,,,,,
High school graduate,0.622603152,0.567804084,0.682690908,lifetime_use,-0.473845958,0.047007438,-10.0802337,1.79E-10,lifetime_use
Less than high school,0.46069369,0.403294623,0.526262102,lifetime_use,-0.775021904,0.067892067,-11.41550023,1.26E-11,lifetime_use
Some college/associate's degree,0.966281901,0.893214632,1.04532626,lifetime_use,-0.034299665,0.040117427,-0.854981668,0.40037141,lifetime_use
Race/Ethnicity,,,,,,,,,
Asian/Asian American,1,,,,,,,,
Black/African American,2.647720716,2.243720856,3.124463976,lifetime_use,0.973699163,0.084472766,11.5267821,1.02E-11,lifetime_use
Hispanic,2.033792541,1.715996643,2.410443002,lifetime_use,0.709902297,0.086689477,8.189025057,1.14E-08,lifetime_use
Multiracial,5.04798579,3.971184178,6.416766234,lifetime_use,1.61898931,0.122412953,13.22563728,4.72E-13,lifetime_use
"Native American, Alaskan Native, Hawaiin Native, or Pacific Islander",3.422953602,2.621548571,4.469347428,lifetime_use,1.230503805,0.136093625,9.041597672,1.65E-09,lifetime_use
White,5.406709723,4.608118664,6.343697322,lifetime_use,1.687640724,0.08154285,20.69636673,1.12E-17,lifetime_use
Age,,,,,,,,,
18-21,1,,,,,,,,
22-29,1.628561671,1.472703776,1.800914182,lifetime_use,0.487697215,0.051326045,9.501944152,6.08E-10,lifetime_use
30-49,2.30081105,2.105349734,2.514419056,lifetime_use,0.833261691,0.045296798,18.39559792,1.99E-16,lifetime_use
50+,2.033823189,1.800085492,2.297911282,lifetime_use,0.709917366,0.062288495,11.39724709,1.30E-11,lifetime_use
Insurance Status,,,,,,,,,
No insurance,1,,,,,,,,
Has insurance,1.255108891,1.143336305,1.377808369,lifetime_use,0.227222335,0.047588509,4.774731128,6.09E-05,lifetime_use
marStat,0.970406314,0.899485226,1.046919269,lifetime_use,-0.030040414,0.03872124,-0.775812302,0.444859871,lifetime_use
metro,1.020752377,0.932171919,1.117750272,lifetime_use,0.02053998,0.046316157,0.443473331,0.661091913,lifetime_use
incomeF20k-49k,1.043715954,0.961991687,1.13238296,lifetime_use,0.042787378,0.041601197,1.028513146,0.313182321,lifetime_use
incomeF50k-74k,1.228535105,1.084663106,1.391490589,lifetime_use,0.205822488,0.063548643,3.238818016,0.003271676,lifetime_use
incomeF75k+,1.480150882,1.332985118,1.643564212,lifetime_use,0.39214403,0.053431162,7.33923827,8.56E-08,lifetime_use
healthFair/Poor,2.213313885,1.967398592,2.489967398,lifetime_use,0.794490888,0.060092293,13.22117782,4.75E-13,lifetime_use
healthGood,1.57079698,1.42394493,1.732793944,lifetime_use,0.451583121,0.050078462,9.017511835,1.74E-09,lifetime_use
healthVery Good,1.421024495,1.294354512,1.560090838,lifetime_use,0.351378087,0.04763657,7.376225539,7.83E-08,lifetime_use
(Intercept),0.021899237,0.014631442,0.032777124,lifetime_misuse,-3.821303485,0.205758394,-18.57179876,1.58E-16,lifetime_misuse
sexMen,1.309912169,1.190176252,1.44169394,lifetime_misuse,0.269960088,0.048908389,5.51970928,8.57E-06,lifetime_misuse
employmentemployed part time,0.977375798,0.846697338,1.128223047,lifetime_misuse,-0.022884056,0.07322988,-0.31249616,0.75715613,lifetime_misuse
employmentother,0.756986045,0.668053287,0.857757732,lifetime_misuse,-0.27841046,0.063764885,-4.36620346,0.000178986,lifetime_misuse
employmentunemployed,1.259699398,1.066031903,1.488550737,lifetime_misuse,0.23087312,0.085169865,2.710737195,0.011732496,lifetime_misuse
edhigh school grad,0.846464184,0.744880901,0.961900909,lifetime_misuse,-0.166687389,0.065227499,-2.555477219,0.016799136,lifetime_misuse
edless than high school,0.695348473,0.590186103,0.81924921,lifetime_misuse,-0.363342159,0.083662355,-4.342958764,0.000190279,lifetime_misuse
edsome col/assoc dg,1.075963051,0.958875716,1.207347802,lifetime_misuse,0.073216122,0.058781658,1.245560692,0.224034069,lifetime_misuse
raceBlack,1.838443013,1.284900075,2.630455688,lifetime_misuse,0.608919025,0.182777885,3.331469911,0.002595722,lifetime_misuse
racehispanic,2.324953229,1.595685684,3.387513951,lifetime_misuse,0.843699922,0.1920425,4.393297964,0.00016666,lifetime_misuse
racemore than one,4.523564416,2.993845207,6.834900809,lifetime_misuse,1.509300271,0.210586363,7.167132046,1.30E-07,lifetime_misuse
raceNative Am/AK/pac isl,2.839705489,1.750103004,4.607687231,lifetime_misuse,1.043700346,0.246956426,4.226253043,0.000258599,lifetime_misuse
raceNHW,4.774453852,3.411256937,6.682407688,lifetime_misuse,1.563279591,0.171533134,9.113572156,1.41E-09,lifetime_misuse
age22-29,1.555696947,1.394884902,1.735048524,lifetime_misuse,0.441923642,0.055670277,7.938233213,2.04E-08,lifetime_misuse
age30-49,1.553659898,1.38010395,1.749041497,lifetime_misuse,0.440613372,0.060437105,7.290444683,9.64E-08,lifetime_misuse
age50+,0.709287352,0.597712684,0.841689597,lifetime_misuse,-0.343494542,0.087323319,-3.933594675,0.000555772,lifetime_misuse
hasInsurance,0.874815195,0.765278668,1.00003,lifetime_misuse,-0.13374262,0.068252591,-1.959524451,0.060854341,lifetime_misuse
marStat,0.694246213,0.623663052,0.772817634,lifetime_misuse,-0.364928607,0.054703265,-6.671057108,4.46E-07,lifetime_misuse
metro,1.196623515,1.05157762,1.361675838,lifetime_misuse,0.179503854,0.065925865,2.722813772,0.011405425,lifetime_misuse
incomeF20k-49k,0.904452843,0.800001871,1.02254129,lifetime_misuse,-0.100425111,0.062611406,-1.603942759,0.120806825,lifetime_misuse
incomeF50k-74k,0.894202465,0.768990561,1.039802162,lifetime_misuse,-0.111823059,0.076967499,-1.452860762,0.158225782,lifetime_misuse
incomeF75k+,0.916367693,0.803689077,1.044844048,lifetime_misuse,-0.087337583,0.066942669,-1.304662387,0.203438438,lifetime_misuse
healthFair/Poor,2.363654888,2.030081873,2.752038971,lifetime_misuse,0.860209102,0.077620293,11.08227075,2.39E-11,lifetime_misuse
healthGood,1.775185161,1.53638319,2.051104422,lifetime_misuse,0.573904733,0.073712404,7.785728069,2.93E-08,lifetime_misuse
healthVery Good,1.585871607,1.37780945,1.825353101,lifetime_misuse,0.461134166,0.071756055,6.426414719,8.27E-07,lifetime_misuse
(Intercept),0.102750569,0.077490067,0.136245584,pastyr_use,-2.27545089,0.143959091,-15.80623268,7.52E-15,pastyr_use
sexMen,0.826230783,0.781899079,0.873075982,pastyr_use,-0.190881147,0.028137484,-6.783874056,3.36E-07,pastyr_use
employmentemployed part time,0.986457625,0.907789172,1.071943438,pastyr_use,-0.013634909,0.042402926,-0.321555857,0.750360069,pastyr_use
employmentother,1.123742828,1.045671127,1.207643503,pastyr_use,0.116664924,0.036738439,3.175554718,0.00382753,pastyr_use
employmentunemployed,1.15934784,1.022187738,1.31491248,pastyr_use,0.14785764,0.064242236,2.301564363,0.029626133,pastyr_use
edhigh school grad,0.970461309,0.884638098,1.064610664,pastyr_use,-0.029983744,0.047242145,-0.6346821,0.531181526,pastyr_use
edless than high school,0.844762512,0.748083303,0.953936145,pastyr_use,-0.168699742,0.062011955,-2.720439035,0.011469056,pastyr_use
edsome col/assoc dg,1.272161699,1.168099079,1.385494961,pastyr_use,0.240717579,0.04354155,5.5284568,8.38E-06,pastyr_use
raceBlack,2.100514699,1.731787309,2.54775051,pastyr_use,0.742182409,0.098485691,7.53594153,5.32E-08,pastyr_use
racehispanic,1.540813354,1.267743941,1.872701352,pastyr_use,0.432310429,0.099528121,4.343600829,0.000189958,pastyr_use
racemore than one,2.496329449,1.886403002,3.303462043,pastyr_use,0.914821432,0.142936091,6.400213043,8.84E-07,pastyr_use
raceNative Am/AK/pac isl,2.71009643,2.075435645,3.53883421,pastyr_use,0.996984217,0.136131653,7.323676733,8.89E-08,pastyr_use
raceNHW,2.274160989,1.917982846,2.696483034,pastyr_use,0.821611188,0.086908309,9.45377028,6.74E-10,pastyr_use
age22-29,1.253793073,1.121995476,1.401072557,pastyr_use,0.226173415,0.056666674,3.991295034,0.000478237,pastyr_use
age30-49,1.443662522,1.306794222,1.59486585,pastyr_use,0.367183303,0.050820487,7.22510403,1.13E-07,pastyr_use
age50+,1.251288215,1.110094834,1.410440036,pastyr_use,0.224173593,0.061086911,3.669748383,0.001099396,pastyr_use
hasInsurance,1.255495384,1.121688164,1.405264592,pastyr_use,0.227530223,0.057498701,3.957136739,0.000522746,pastyr_use
marStat,0.888001944,0.82764453,0.952761027,pastyr_use,-0.118781347,0.035914018,-3.307381185,0.002757199,pastyr_use
metro,0.988279832,0.917153907,1.064921622,pastyr_use,-0.01178939,0.038108145,-0.309366676,0.759508347,pastyr_use
incomeF20k-49k,0.946949655,0.868001593,1.033078345,pastyr_use,-0.05450935,0.044415295,-1.227265283,0.23071967,pastyr_use
incomeF50k-74k,1.039007243,0.930561074,1.160091563,pastyr_use,0.038265683,0.056242489,0.680369666,0.502284557,pastyr_use
incomeF75k+,1.063473282,0.945387731,1.196308545,pastyr_use,0.061540233,0.060052313,1.02477706,0.314908943,pastyr_use
healthFair/Poor,3.411211597,3.030872729,3.839278518,pastyr_use,1.227067535,0.060315867,20.34402536,1.71E-17,pastyr_use
healthGood,2.045654315,1.852240308,2.259264934,pastyr_use,0.715717697,0.050675326,14.12359345,1.05E-13,pastyr_use
healthVery Good,1.436700275,1.323628588,1.559431172,pastyr_use,0.362349008,0.041823275,8.663812405,3.84E-09,pastyr_use
(Intercept),0.018528015,0.010436281,0.032893648,pastyr_misuse,-3.988471361,0.292860301,-13.61902363,2.41E-13,pastyr_misuse
sexMen,1.20900592,1.061443053,1.377083124,pastyr_misuse,0.189798469,0.066414034,2.857806648,0.008288008,pastyr_misuse
employmentemployed part time,0.986478041,0.829468684,1.173207554,pastyr_misuse,-0.013614213,0.088448416,-0.153922635,0.878859261,pastyr_misuse
employmentother,0.886854896,0.758792795,1.036530145,pastyr_misuse,-0.1200739,0.079569133,-1.509051241,0.143343093,pastyr_misuse
employmentunemployed,1.533086974,1.259017528,1.866817275,pastyr_misuse,0.427283333,0.100487385,4.252109174,0.000241622,pastyr_misuse
edhigh school grad,1.093052978,0.886396747,1.347889436,pastyr_misuse,0.088974678,0.106923042,0.832137551,0.412909473,pastyr_misuse
edless than high school,1.098152321,0.84365971,1.42941343,pastyr_misuse,0.093629059,0.134510182,0.696074141,0.492558425,pastyr_misuse
edsome col/assoc dg,1.467495997,1.22006127,1.765111765,pastyr_misuse,0.383557545,0.094214214,4.071121845,0.000388276,pastyr_misuse
raceBlack,1.501803286,0.934516031,2.413455773,pastyr_misuse,0.406666577,0.24204173,1.680150675,0.10490589,pastyr_misuse
racehispanic,1.574576611,0.942046938,2.631813135,pastyr_misuse,0.453986418,0.262089814,1.732178796,0.09509113,pastyr_misuse
racemore than one,2.431527215,1.332198375,4.438021175,pastyr_misuse,0.888519543,0.306989851,2.894296145,0.007595283,pastyr_misuse
raceNative Am/AK/pac isl,1.906723957,1.064455173,3.415452656,pastyr_misuse,0.645386563,0.297415399,2.169983686,0.039330457,pastyr_misuse
raceNHW,2.445563427,1.603929655,3.728829663,pastyr_misuse,0.894275537,0.215217671,4.155214262,0.000311567,pastyr_misuse
age22-29,1.172712632,0.997668731,1.378468498,pastyr_misuse,0.159319554,0.082477814,1.931665573,0.064368882,pastyr_misuse
age30-49,0.902028374,0.769489928,1.0573955,pastyr_misuse,-0.103109303,0.081082159,-1.27166449,0.214750352,pastyr_misuse
age50+,0.375503199,0.30428852,0.463384726,pastyr_misuse,-0.979488289,0.107293125,-9.129087151,1.36E-09,pastyr_misuse
hasInsurance,0.822628136,0.661354535,1.023228866,pastyr_misuse,-0.19525102,0.111335822,-1.753712466,0.09126273,pastyr_misuse
marStat,0.695688751,0.602735183,0.802977579,pastyr_misuse,-0.362852916,0.073177074,-4.958560064,3.75E-05,pastyr_misuse
metro,1.030050945,0.882595726,1.202141501,pastyr_misuse,0.029608263,0.078826085,0.375615034,0.710250282,pastyr_misuse
incomeF20k-49k,0.879917581,0.756377422,1.023635723,pastyr_misuse,-0.127927034,0.07718905,-1.657321006,0.109474058,pastyr_misuse
incomeF50k-74k,0.999836737,0.822736832,1.215058645,pastyr_misuse,-0.000163276,0.09946898,-0.001641479,0.998702819,pastyr_misuse
incomeF75k+,0.943966392,0.816912983,1.090780251,pastyr_misuse,-0.057664715,0.073755428,-0.781836907,0.441372612,pastyr_misuse
healthFair/Poor,2.88099187,2.198760189,3.774906511,pastyr_misuse,1.058134634,0.137880586,7.674282968,3.82E-08,pastyr_misuse
healthGood,1.89105075,1.499907004,2.38419644,pastyr_misuse,0.637132627,0.118231518,5.388855994,1.21E-05,pastyr_misuse
healthVery Good,1.70778246,1.309831884,2.226637607,pastyr_misuse,0.535195722,0.135358062,3.953925724,0.000527134,pastyr_misuse
(Intercept),0.005365271,0.000879331,0.03273638,dependence,-5.227808481,0.922741547,-5.665517609,5.86E-06,dependence
sexMen,1.581096036,1.130990716,2.210331738,dependence,0.4581183,0.170933912,2.680090186,0.012602439,dependence
employmentemployed part time,0.794026097,0.477570773,1.320175936,dependence,-0.23063895,0.259394544,-0.889143415,0.382078988,dependence
employmentother,1.024290135,0.674908236,1.554537675,dependence,0.023999821,0.212850016,0.112754612,0.911091181,dependence
employmentunemployed,2.187969852,1.297934815,3.688330123,dependence,0.782974106,0.266433318,2.938724444,0.00682588,dependence
edhigh school grad,1.089246221,0.716070624,1.656899879,dependence,0.085485917,0.214015359,0.399438233,0.692832651,dependence
edless than high school,1.18864273,0.644129466,2.193458945,dependence,0.172812093,0.31259127,0.552837233,0.585097192,dependence
edsome col/assoc dg,1.388904746,0.829610573,2.325255315,dependence,0.328515484,0.262920322,1.249486848,0.222618641,dependence
raceBlack,2.012553478,0.386438348,10.4812877,dependence,0.699404303,0.841947737,0.830698002,0.413707744,dependence
racehispanic,0.925863155,0.172503846,4.969295474,dependence,-0.077028836,0.857315197,-0.08984891,0.929095862,dependence
racemore than one,2.907564001,0.482777737,17.51101547,dependence,1.067315617,0.916095671,1.165070038,0.254568926,dependence
raceNative Am/AK/pac isl,3.636133817,0.581757254,22.72678001,dependence,1.290920979,0.935028909,1.380621462,0.179149822,dependence
raceNHW,3.876008978,0.81711579,18.38594454,dependence,1.35480601,0.79429035,1.705681066,0.09998808,dependence
age22-29,1.095021502,0.690521974,1.736472023,dependence,0.090774,0.235249977,0.385861885,0.702738275,dependence
age30-49,0.779725301,0.470908656,1.291060458,dependence,-0.2488136,0.257289187,-0.967058128,0.342425014,dependence
age50+,0.384262791,0.208337497,0.708743722,dependence,-0.956428608,0.312336008,-3.062178499,0.00505817,dependence
hasInsurance,0.470929221,0.26702593,0.830534816,dependence,-0.753047469,0.289475748,-2.601418167,0.015119845,dependence
marStat,0.752230501,0.506314848,1.117586673,dependence,-0.284712485,0.201985389,-1.4095697,0.170516738,dependence
metro,0.900871474,0.640221581,1.267638325,dependence,-0.10439268,0.17426252,-0.599054116,0.554321151,dependence
incomeF20k-49k,1.021002718,0.715634475,1.456674582,dependence,0.020785201,0.181315042,0.114635835,0.909614485,dependence
incomeF50k-74k,1.044394775,0.620561008,1.757700584,dependence,0.043437555,0.265601265,0.163544234,0.871354588,dependence
incomeF75k+,0.581632354,0.305065481,1.108929775,dependence,-0.541916725,0.329246922,-1.645927992,0.111815336,dependence
healthFair/Poor,4.063486251,2.205482894,7.486759729,dependence,1.402041288,0.311788792,4.496766155,0.000126878,dependence
healthGood,2.586393472,1.420796434,4.708226337,dependence,0.950264423,0.305641759,3.10907916,0.004508981,dependence
healthVery Good,2.190733803,1.283578395,3.739011668,dependence,0.784236558,0.272752338,2.875269792,0.007949335,dependence
(Intercept),0.279871827,0.086760636,0.902808497,srcOneDoc,-1.273423543,0.597551144,-2.131070379,0.042704127,srcOneDoc
sexMen,0.862533411,0.641525411,1.159679526,srcOneDoc,-0.147881393,0.151035984,-0.979113646,0.3365471,srcOneDoc
employmentemployed part time,0.719961996,0.478056124,1.084277032,srcOneDoc,-0.328556852,0.208917251,-1.57266502,0.127887775,srcOneDoc
employmentother,1.206058036,0.828760878,1.755121439,srcOneDoc,0.187357219,0.191422309,0.978763764,0.336716718,srcOneDoc
employmentunemployed,0.593762968,0.370341896,0.951970236,srcOneDoc,-0.521275083,0.240848086,-2.164331437,0.039805153,srcOneDoc
edhigh school grad,0.729266856,0.458585294,1.159719149,srcOneDoc,-0.315715557,0.236684665,-1.33390795,0.193801656,srcOneDoc
edless than high school,0.639170995,0.371390667,1.100026459,srcOneDoc,-0.447583263,0.277003813,-1.615801814,0.11820833,srcOneDoc
edsome col/assoc dg,0.774490235,0.532764645,1.125891385,srcOneDoc,-0.255550228,0.190883758,-1.338774077,0.192233178,srcOneDoc
raceBlack,1.24430155,0.562160299,2.75417234,srcOneDoc,0.218574368,0.405386331,0.539175477,0.594353237,srcOneDoc
racehispanic,0.764812048,0.341917434,1.710756486,srcOneDoc,-0.268125165,0.410752867,-0.652765169,0.519638266,srcOneDoc
racemore than one,1.624866111,0.585241886,4.51127977,srcOneDoc,0.485425419,0.521007256,0.93170568,0.360060175,srcOneDoc
raceNative Am/AK/pac isl,0.561337454,0.208963849,1.507915072,srcOneDoc,-0.577433033,0.504173031,-1.145307261,0.262515214,srcOneDoc
raceNHW,0.787787883,0.353433102,1.755946868,srcOneDoc,-0.238526409,0.408953763,-0.583260091,0.56474374,srcOneDoc
age22-29,1.081604539,0.684111214,1.710055845,srcOneDoc,0.078445623,0.233718787,0.335641067,0.739834951,srcOneDoc
age30-49,1.324811375,0.802776305,2.186319113,srcOneDoc,0.281270091,0.255591058,1.100469215,0.281212412,srcOneDoc
age50+,1.940130488,1.079825785,3.485845924,srcOneDoc,0.662755233,0.298962389,2.216851544,0.035586251,srcOneDoc
hasInsurance,1.413793028,0.871203265,2.294310415,srcOneDoc,0.346276183,0.247022979,1.401797454,0.172801592,srcOneDoc
marStat,1.504721506,1.095558291,2.066696797,srcOneDoc,0.408607835,0.16191305,2.523625087,0.01806341,srcOneDoc
metro,1.560756414,1.072211596,2.271902853,srcOneDoc,0.445170585,0.191558192,2.323944386,0.028210965,srcOneDoc
incomeF20k-49k,0.708899098,0.491999106,1.021420415,srcOneDoc,-0.344042079,0.186348476,-1.846229638,0.076273804,srcOneDoc
incomeF50k-74k,0.667016807,0.418948185,1.061972427,srcOneDoc,-0.404940035,0.237283949,-1.706563114,0.09982171,srcOneDoc
incomeF75k+,0.826552426,0.548782907,1.244916531,srcOneDoc,-0.190491933,0.208963236,-0.91160501,0.370351891,srcOneDoc
healthFair/Poor,1.193431302,0.729430204,1.952590207,srcOneDoc,0.176832605,0.251190431,0.703978271,0.487703927,srcOneDoc
healthGood,1.173424151,0.773625184,1.779833781,srcOneDoc,0.159926099,0.212551803,0.752409984,0.458562874,srcOneDoc
healthVery Good,1.257136743,0.807264691,1.95771326,srcOneDoc,0.228836709,0.225994142,1.012578055,0.320592728,srcOneDoc
(Intercept),0.00122362,9.00E-06,0.166438206,srcMultDocs,-6.705941665,2.506582025,-2.675333022,0.012742774,srcMultDocs
sexMen,0.926621058,0.43142108,1.99022863,srcMultDocs,-0.07621058,0.390037831,-0.19539279,0.84660443,srcMultDocs
employmentemployed part time,0.74930153,0.112478841,4.991630224,srcMultDocs,-0.2886138,0.967556736,-0.298291345,0.767851696,srcMultDocs
employmentother,0.457363402,0.08819617,2.371772856,srcMultDocs,-0.782277014,0.839767844,-0.931539615,0.360144416,srcMultDocs
employmentunemployed,0.819568518,0.157488218,4.265033678,srcMultDocs,-0.198977275,0.841560031,-0.236438599,0.814945169,srcMultDocs
edhigh school grad,0.18204661,0.033223833,0.997505852,srcMultDocs,-1.703492527,0.867870674,-1.962841445,0.060447298,srcMultDocs
edless than high school,0.667837611,0.138475231,3.2208437,srcMultDocs,-0.403710232,0.802746167,-0.502911442,0.619260252,srcMultDocs
edsome col/assoc dg,0.295232322,0.071922991,1.211881238,srcMultDocs,-1.2199927,0.7205064,-1.693243392,0.102359065,srcMultDocs
raceBlack,0.677452196,0.041113966,11.16266632,srcMultDocs,-0.389416288,1.429613582,-0.272392689,0.78747172,srcMultDocs
racehispanic,0.581317178,0.034519268,9.789595177,srcMultDocs,-0.542458754,1.440729973,-0.376516602,0.709588129,srcMultDocs
racemore than one,0.203721263,0.006731658,6.165249601,srcMultDocs,-1.591002578,1.739792786,-0.914478202,0.368869051,srcMultDocs
raceNative Am/AK/pac isl,0.639766508,0.019536688,20.95038713,srcMultDocs,-0.446652001,1.780037364,-0.250922823,0.803846221,srcMultDocs
raceNHW,0.207629409,0.015415835,2.796473369,srcMultDocs,-1.572000474,1.326738454,-1.184860867,0.246790268,srcMultDocs
age22-29,0.044252008,0.010109749,0.193698198,srcMultDocs,-3.117854533,0.753279414,-4.139041203,0.000325053,srcMultDocs
age30-49,0.246794981,0.083878767,0.726140411,srcMultDocs,-1.399197324,0.550614936,-2.541153957,0.017357137,srcMultDocs
age50+,1.120124546,0.359004799,3.494880856,srcMultDocs,0.113439881,0.58055118,0.195400311,0.846598603,srcMultDocs
hasInsurance,1.476255174,0.379742054,5.738972843,srcMultDocs,0.389508593,0.692753369,0.562261564,0.578753655,srcMultDocs
marStat,0.171357499,0.033731529,0.870502868,srcMultDocs,-1.764003267,0.829259647,-2.127202587,0.043053218,srcMultDocs
metro,1.995045278,0.507934748,7.836057051,srcMultDocs,0.690666746,0.698007232,0.989483653,0.331546258,srcMultDocs
incomeF20k-49k,34.2641513,5.469158603,214.6641101,srcMultDocs,3.534099656,0.936228873,3.774824468,0.000838746,srcMultDocs
incomeF50k-74k,5.977176456,0.77853225,45.88973467,srcMultDocs,1.787948292,1.039964597,1.719239576,0.097456401,srcMultDocs
incomeF75k+,10.22613271,1.070215982,97.71279064,srcMultDocs,2.324946474,1.151595647,2.018891335,0.053921757,srcMultDocs
healthFair/Poor,24.79802119,2.873718002,213.988239,srcMultDocs,3.210763859,1.099590203,2.919964046,0.00714128,srcMultDocs
healthGood,14.69173722,1.672951401,129.021765,srcMultDocs,2.687285242,1.10853867,2.424169146,0.022599862,srcMultDocs
healthVery Good,5.738475558,0.663121022,49.65926372,srcMultDocs,1.747193593,1.101036232,1.58686294,0.124632228,srcMultDocs
(Intercept),0.012042587,0.001365511,0.106204847,srcDrugDeal,-4.41930597,1.110694101,-3.97886868,0.000493979,srcDrugDeal
sexMen,1.555379584,1.003123707,2.411672293,srcDrugDeal,0.441719621,0.223780022,1.973901057,0.059107328,srcDrugDeal
employmentemployed part time,0.974177474,0.485432324,1.955003209,srcDrugDeal,-0.026161781,0.355391028,-0.073614072,0.941880901,srcDrugDeal
employmentother,0.859692611,0.426351943,1.733477229,srcDrugDeal,-0.151180383,0.357817663,-0.422506763,0.676128908,srcDrugDeal
employmentunemployed,1.305535239,0.70200446,2.427936512,srcDrugDeal,0.266613101,0.316551033,0.842243664,0.407332584,srcDrugDeal
edhigh school grad,9.584224767,2.805485517,32.74205618,srcDrugDeal,2.260118493,0.626818599,3.605697877,0.001295541,srcDrugDeal
edless than high school,10.70142272,2.869725746,39.90640864,srcDrugDeal,2.370376697,0.671522661,3.52985362,0.001572205,srcDrugDeal
edsome col/assoc dg,5.951726387,1.799440876,19.68558537,srcDrugDeal,1.783681326,0.610320059,2.922534334,0.007097264,srcDrugDeal
raceBlack,0.985879393,0.256017983,3.79644495,srcDrugDeal,-0.014221251,0.687913835,-0.020673012,0.983664335,srcDrugDeal
racehispanic,1.625407773,0.404605876,6.529688736,srcDrugDeal,0.485758722,0.709503116,0.684646354,0.499625295,srcDrugDeal
racemore than one,2.030619545,0.36348986,11.34396359,srcDrugDeal,0.708340941,0.877743077,0.807002595,0.42698605,srcDrugDeal
raceNative Am/AK/pac isl,1.418875531,0.217856296,9.240989653,srcDrugDeal,0.349864678,0.956029969,0.365955765,0.71735894,srcDrugDeal
raceNHW,1.875737519,0.522137203,6.738441971,srcDrugDeal,0.629001926,0.652474648,0.964025081,0.343914715,srcDrugDeal
age22-29,1.063803525,0.626379152,1.806697964,srcDrugDeal,0.061850717,0.270234626,0.228877837,0.820754634,srcDrugDeal
age30-49,0.935096681,0.553497956,1.579781447,srcDrugDeal,-0.067105353,0.267551787,-0.250812577,0.803930545,srcDrugDeal
age50+,0.644246188,0.217970685,1.904169589,srcDrugDeal,-0.439674347,0.552928706,-0.795173667,0.433712015,srcDrugDeal
hasInsurance,0.88575978,0.472377877,1.660895707,srcDrugDeal,-0.121309494,0.320754125,-0.378200885,0.708351735,srcDrugDeal
marStat,0.487896677,0.253259058,0.939919659,srcDrugDeal,-0.717651624,0.334542243,-2.145174903,0.04145247,srcDrugDeal
metro,0.568605983,0.331367533,0.975692338,srcDrugDeal,-0.564567558,0.275494648,-2.049286844,0.050649794,srcDrugDeal
incomeF20k-49k,0.934822549,0.514852824,1.697365066,srcDrugDeal,-0.067398555,0.3043299,-0.22146544,0.826460226,srcDrugDeal
incomeF50k-74k,0.957831295,0.453326588,2.023796561,srcDrugDeal,-0.043083618,0.381669692,-0.112881947,0.910991217,srcDrugDeal
incomeF75k+,0.653568717,0.304973099,1.400622118,srcDrugDeal,-0.4253076,0.388896997,-1.093625312,0.284148521,srcDrugDeal
healthFair/Poor,0.860443554,0.410757303,1.802434437,srcDrugDeal,-0.150307263,0.377275034,-0.398402357,0.693586521,srcDrugDeal
healthGood,0.853200293,0.429253466,1.695852911,srcDrugDeal,-0.158760949,0.350489479,-0.452969229,0.654328424,srcDrugDeal
healthVery Good,0.947345692,0.464346364,1.932746611,srcDrugDeal,-0.054091213,0.363799195,-0.148684257,0.882949997,srcDrugDeal
(Intercept),0.033765026,0.005961303,0.191246259,srcBoughtFrRel,-3.388329746,0.884779717,-3.829574393,0.000728019,srcBoughtFrRel
sexMen,1.083215582,0.721937788,1.625286856,srcBoughtFrRel,0.079934009,0.207019273,0.386118681,0.702550407,srcBoughtFrRel
employmentemployed part time,1.065393433,0.59035158,1.922690146,srcBoughtFrRel,0.063344151,0.301220419,0.210291691,0.835079332,srcBoughtFrRel
employmentother,1.293960394,0.790321924,2.118546188,srcBoughtFrRel,0.257707588,0.251546717,1.024491956,0.315040974,srcBoughtFrRel
employmentunemployed,2.038632187,1.082101634,3.840693945,srcBoughtFrRel,0.712279086,0.323155927,2.204134371,0.036569061,srcBoughtFrRel
edhigh school grad,0.981180101,0.509743059,1.888626776,srcBoughtFrRel,-0.018999247,0.334112894,-0.056864752,0.955087696,srcBoughtFrRel
edless than high school,0.827040916,0.346551386,1.973723677,srcBoughtFrRel,-0.18990111,0.44379543,-0.427902356,0.67224584,srcBoughtFrRel
edsome col/assoc dg,1.698233089,0.887065826,3.251163035,srcBoughtFrRel,0.529588351,0.331345088,1.598298484,0.122060089,srcBoughtFrRel
raceBlack,1.908458413,0.244210723,14.91422437,srcBoughtFrRel,0.646295803,1.049008873,0.616101369,0.543184396,srcBoughtFrRel
racehispanic,1.965447426,0.422127835,9.151217398,srcBoughtFrRel,0.675719917,0.784793504,0.861016196,0.397100179,srcBoughtFrRel
racemore than one,1.132969487,0.127501769,10.06746702,srcBoughtFrRel,0.12484205,1.114544504,0.112011723,0.911674413,srcBoughtFrRel
raceNative Am/AK/pac isl,5.051792677,0.609744259,41.85461181,srcBoughtFrRel,1.619743166,1.078825346,1.501395172,0.145301517,srcBoughtFrRel
raceNHW,3.120771699,0.45902335,21.21725615,srcBoughtFrRel,1.138080311,0.97794374,1.163748245,0.255094811,srcBoughtFrRel
age22-29,1.203586782,0.686173556,2.111158511,srcBoughtFrRel,0.185306084,0.286704641,0.646330954,0.523729771,srcBoughtFrRel
age30-49,0.805742768,0.419448697,1.547796935,srcBoughtFrRel,-0.215990734,0.333079244,-0.648466508,0.522369839,srcBoughtFrRel
age50+,1.471979371,0.604157785,3.586353306,srcBoughtFrRel,0.386608006,0.454359312,0.850886062,0.402601317,srcBoughtFrRel
hasInsurance,0.556378661,0.314576506,0.984044292,srcBoughtFrRel,-0.586306171,0.290934836,-2.015249116,0.054326099,srcBoughtFrRel
marStat,0.415977902,0.210264527,0.822952011,srcBoughtFrRel,-0.877123141,0.348101167,-2.519736283,0.018223665,srcBoughtFrRel
metro,0.731201097,0.41882714,1.276553006,srcBoughtFrRel,-0.313066759,0.284306367,-1.101159859,0.280917333,srcBoughtFrRel
incomeF20k-49k,0.941213274,0.497073999,1.782194261,srcBoughtFrRel,-0.060585519,0.325736013,-0.185995764,0.853891613,srcBoughtFrRel
incomeF50k-74k,0.949251293,0.521190385,1.728884574,srcBoughtFrRel,-0.052081718,0.305902643,-0.170255862,0.866126846,srcBoughtFrRel
incomeF75k+,1.085028219,0.534945878,2.200757655,srcBoughtFrRel,0.081605995,0.36082076,0.226167683,0.822839592,srcBoughtFrRel
healthFair/Poor,3.338746362,1.704340445,6.540493306,srcBoughtFrRel,1.205595396,0.343076302,3.51407366,0.001636611,srcBoughtFrRel
healthGood,1.80328781,0.950983148,3.419457992,srcBoughtFrRel,0.58961156,0.326470538,1.806017668,0.08250634,srcBoughtFrRel
healthVery Good,2.062420059,1.11450576,3.816558561,srcBoughtFrRel,0.723880079,0.314020585,2.305199447,0.029391964,srcBoughtFrRel
(Intercept),8.42E-08,2.07E-08,3.42E-07,srcTookFrRel,-16.29010771,0.715271663,-22.77471421,1.06E-18,srcTookFrRel
sexMen,0.685464972,0.420928865,1.11625091,srcTookFrRel,-0.377657879,0.248797198,-1.517934617,0.141097643,srcTookFrRel
employmentemployed part time,0.975948579,0.432048441,2.204557495,srcTookFrRel,-0.024345379,0.415758754,-0.058556503,0.953753097,srcTookFrRel
employmentother,1.589741679,0.865204983,2.921017164,srcTookFrRel,0.463571537,0.310393644,1.493495586,0.147344908,srcTookFrRel
employmentunemployed,2.326383468,1.130849493,4.785835844,srcTookFrRel,0.844314902,0.368040328,2.294082571,0.030113454,srcTookFrRel
edhigh school grad,0.411281613,0.180150928,0.938949179,srcTookFrRel,-0.888477108,0.421172629,-2.109531927,0.044680766,srcTookFrRel
edless than high school,0.278391229,0.092191624,0.840658548,srcTookFrRel,-1.278727855,0.563866559,-2.267784524,0.03188472,srcTookFrRel
edsome col/assoc dg,0.395475575,0.160932747,0.971840309,srcTookFrRel,-0.927666251,0.45873418,-2.0222305,0.053553396,srcTookFrRel
raceBlack,1794235.633,640202.6433,5028535.171,srcTookFrRel,14.40008966,0.525800286,27.38699474,1.05E-20,srcTookFrRel
racehispanic,4233428.568,2010273.735,8915162.712,srcTookFrRel,15.25852276,0.379977034,40.15643418,6.31E-25,srcTookFrRel
racemore than one,3289097.271,1127143.943,9597852.1,srcTookFrRel,15.0061237,0.546400955,27.46357518,9.83E-21,srcTookFrRel
raceNative Am/AK/pac isl,4277259.314,847588.0958,21584714.71,srcTookFrRel,15.26882302,0.825868724,18.48819622,1.76E-16,srcTookFrRel
raceNHW,2185475.656,1270956.956,3758037.453,srcTookFrRel,14.59734405,0.276568026,52.78030237,5.62E-28,srcTookFrRel
age22-29,0.615213926,0.300059789,1.261375858,srcTookFrRel,-0.485785225,0.366327293,-1.326096183,0.196340361,srcTookFrRel
age30-49,0.402335174,0.197305397,0.82042151,srcTookFrRel,-0.910469772,0.363543792,-2.504429434,0.018867326,srcTookFrRel
age50+,0.072616342,0.013969201,0.37748279,srcTookFrRel,-2.622565289,0.841002692,-3.118379183,0.004407088,srcTookFrRel
hasInsurance,0.709785617,0.385763381,1.305970569,srcTookFrRel,-0.342792303,0.31109694,-1.101882592,0.280608783,srcTookFrRel
marStat,1.153214835,0.555029532,2.396096742,srcTookFrRel,0.142553551,0.373112726,0.382065635,0.705517788,srcTookFrRel
metro,1.065265786,0.563162215,2.015034328,srcTookFrRel,0.063224332,0.325216129,0.194407124,0.847368152,srcTookFrRel
incomeF20k-49k,0.589879547,0.310677451,1.119997218,srcTookFrRel,-0.52783692,0.327130053,-1.613538455,0.118700653,srcTookFrRel
incomeF50k-74k,0.780971483,0.389368185,1.566426022,srcTookFrRel,-0.247216643,0.355115325,-0.696158755,0.492506313,srcTookFrRel
incomeF75k+,0.737169852,0.361958404,1.50133105,srcTookFrRel,-0.304936949,0.362909235,-0.840256791,0.408425237,srcTookFrRel
healthFair/Poor,0.771080735,0.216761459,2.742948416,srcTookFrRel,-0.259962196,0.647458633,-0.401511668,0.691324651,srcTookFrRel
healthGood,1.645319999,0.661821972,4.090341536,srcTookFrRel,0.497934894,0.464648119,1.071638674,0.293729389,srcTookFrRel
healthVery Good,1.032572127,0.412210293,2.586556458,srcTookFrRel,0.0320529,0.468516027,0.068413668,0.945979777,srcTookFrRel
(Intercept),0.293402882,0.0882721,0.975226046,gotFrRel,-1.22620859,0.612828913,-2.000898725,0.055945375,gotFrRel
sexMen,1.135143509,0.854522702,1.507918729,gotFrRel,0.126759083,0.144885975,0.874888566,0.389645105,gotFrRel
employmentemployed part time,1.328070272,0.930434148,1.895642643,gotFrRel,0.283726965,0.181549735,1.562805726,0.130189413,gotFrRel
employmentother,0.696497403,0.523832595,0.926075691,gotFrRel,-0.361691214,0.145355685,-2.488318329,0.019567477,gotFrRel
employmentunemployed,0.884407274,0.618717627,1.264189336,gotFrRel,-0.122837605,0.182283289,-0.673882976,0.50633309,gotFrRel
edhigh school grad,1.082997415,0.775898793,1.511644832,gotFrRel,0.079732581,0.170138723,0.468632768,0.643237592,gotFrRel
edless than high school,0.844828538,0.536414959,1.33056554,gotFrRel,-0.168621585,0.231752042,-0.72759482,0.473363364,gotFrRel
edsome col/assoc dg,1.01203156,0.729928362,1.40316219,gotFrRel,0.011959756,0.166721758,0.071734825,0.943361912,gotFrRel
raceBlack,1.431935163,0.526524855,3.894285886,gotFrRel,0.35902679,0.510460161,0.703339492,0.48809523,gotFrRel
racehispanic,1.55591551,0.571544635,4.235667573,gotFrRel,0.442064125,0.510966952,0.865152087,0.394868056,gotFrRel
racemore than one,1.222926759,0.339568108,4.404270675,gotFrRel,0.201246969,0.65375064,0.30783445,0.760660876,gotFrRel
raceNative Am/AK/pac isl,1.111325292,0.240075061,5.144407333,gotFrRel,0.10555326,0.781829116,0.135008095,0.893645239,gotFrRel
raceNHW,1.738185695,0.651483207,4.637555474,gotFrRel,0.552841865,0.500695692,1.104147437,0.279643449,gotFrRel
age22-29,1.423044796,1.060942606,1.908733309,gotFrRel,0.352798799,0.149819607,2.354823946,0.026359464,gotFrRel
age30-49,1.277433481,0.927474688,1.759440251,gotFrRel,0.244852972,0.163341138,1.4990282,0.145911359,gotFrRel
age50+,0.712881217,0.467380895,1.087335053,gotFrRel,-0.338440468,0.21539695,-1.571240759,0.128218183,gotFrRel
hasInsurance,1.061557342,0.720262715,1.564573548,gotFrRel,0.059737021,0.197899694,0.301855044,0.765163901,gotFrRel
marStat,1.340453682,0.971949223,1.848672782,gotFrRel,0.293008125,0.164013137,1.786491809,0.08568714,gotFrRel
metro,0.949287348,0.688053473,1.30970412,gotFrRel,-0.052043736,0.164209643,-0.316934716,0.753824059,gotFrRel
incomeF20k-49k,1.347609133,1.014840975,1.789492562,gotFrRel,0.29833201,0.14469658,2.061776517,0.049357153,gotFrRel
incomeF50k-74k,1.236341838,0.829680844,1.842324251,gotFrRel,0.212156889,0.203509385,1.042491915,0.30678066,gotFrRel
incomeF75k+,1.253742813,0.916852999,1.714419916,gotFrRel,0.226133328,0.159666941,1.416281455,0.168562977,gotFrRel
healthFair/Poor,0.702618198,0.431787535,1.143322333,gotFrRel,-0.352941638,0.248412723,-1.420787288,0.167261355,gotFrRel
healthGood,0.834467939,0.565978092,1.230324551,gotFrRel,-0.180960956,0.198084738,-0.913553248,0.369345988,gotFrRel
healthVery Good,0.791739775,0.541948673,1.156662803,gotFrRel,-0.233522508,0.193402265,-1.207444538,0.238130841,gotFrRel
(Intercept),0.068313231,0.016601773,0.281096331,rsnPain,-2.683651816,0.721744875,-3.718283161,0.000970404,rsnPain
sexMen,0.81755365,0.578426405,1.155538483,rsnPain,-0.201438752,0.176536512,-1.141059993,0.264246403,rsnPain
employmentemployed part time,1.222700412,0.720657344,2.074489785,rsnPain,0.201061865,0.269726064,0.745429872,0.46269805,rsnPain
employmentother,0.876795593,0.569679013,1.349480135,rsnPain,-0.131481389,0.220004462,-0.597630558,0.555256469,rsnPain
employmentunemployed,1.079764141,0.598604348,1.947681478,rsnPain,0.07674263,0.300973413,0.254981425,0.800743587,rsnPain
edhigh school grad,0.792773006,0.479848523,1.309765496,rsnPain,-0.232218346,0.256161062,-0.906532569,0.372979306,rsnPain
edless than high school,0.621404799,0.336450172,1.147700184,rsnPain,-0.475772559,0.313032619,-1.519881732,0.140609313,rsnPain
edsome col/assoc dg,1.063091839,0.644709189,1.752983014,rsnPain,0.061181491,0.255176844,0.239761141,0.812395607,rsnPain
raceBlack,1.861919681,0.724423071,4.785525251,rsnPain,0.621608042,0.481635252,1.290619903,0.208194962,rsnPain
racehispanic,0.686836912,0.183323865,2.573287139,rsnPain,-0.375658406,0.673911633,-0.557429769,0.582001674,rsnPain
racemore than one,3.117045821,0.739429156,13.13983169,rsnPain,1.136885701,0.73407599,1.548730263,0.133534155,rsnPain
raceNative Am/AK/pac isl,0.436133009,0.081023384,2.347618587,rsnPain,-0.829808015,0.858796119,-0.966245652,0.342823638,rsnPain
raceNHW,1.530077011,0.57037645,4.104544742,rsnPain,0.425318068,0.503466785,0.844778804,0.405941101,rsnPain
age22-29,1.422964597,0.866329109,2.337250617,rsnPain,0.35274244,0.253184677,1.393221909,0.175350638,rsnPain
age30-49,1.73548225,0.993037127,3.033017154,rsnPain,0.551285329,0.28483817,1.935433471,0.063883398,rsnPain
age50+,1.394206914,0.725043114,2.680961835,rsnPain,0.332325733,0.333603013,0.996171257,0.328348322,rsnPain
hasInsurance,1.213438312,0.785259763,1.875089756,rsnPain,0.19345791,0.222044191,0.871258595,0.391587115,rsnPain
marStat,0.800160555,0.536711099,1.192926539,rsnPain,-0.222942878,0.20375499,-1.094171374,0.283913451,rsnPain
metro,0.846839777,0.540692965,1.326330567,rsnPain,-0.166243768,0.228912331,-0.726233343,0.474183368,rsnPain
incomeF20k-49k,1.487456848,0.89197429,2.480483908,rsnPain,0.397067848,0.260915926,1.521822967,0.140123828,rsnPain
incomeF50k-74k,0.941865878,0.49172146,1.804093179,rsnPain,-0.059892395,0.331613474,-0.18060905,0.85807489,rsnPain
incomeF75k+,1.030113607,0.612147878,1.7334603,rsnPain,0.029669095,0.265540844,0.111730814,0.911894965,rsnPain
healthFair/Poor,1.880283428,0.953993347,3.705964805,rsnPain,0.631422525,0.346190599,1.823915861,0.079680201,rsnPain
healthGood,1.259347893,0.629480421,2.519470124,rsnPain,0.230594041,0.353809853,0.651745674,0.520285394,rsnPain
healthVery Good,1.188936525,0.589453724,2.398101841,rsnPain,0.173059231,0.357975095,0.483439304,0.632830328,rsnPain
(Intercept),6.12E-09,8.77E-10,4.28E-08,rsnEmot,-18.91111306,0.991462733,-19.0739525,8.27E-17,rsnEmot
sexMen,0.543995406,0.240297243,1.23152059,rsnEmot,-0.608814476,0.416877116,-1.460417117,0.156154986,rsnEmot
employmentemployed part time,1.153052683,0.515190571,2.580657652,rsnEmot,0.142412932,0.41104395,0.346466436,0.731780519,rsnEmot
employmentother,0.353294819,0.099912402,1.249266629,rsnEmot,-1.040452389,0.644404224,-1.614595854,0.118470437,rsnEmot
employmentunemployed,0.796897867,0.341323008,1.860543228,rsnEmot,-0.227028755,0.432608591,-0.524790214,0.604175411,rsnEmot
edhigh school grad,0.939349148,0.296727735,2.973691769,rsnEmot,-0.062568039,0.587955824,-0.106416225,0.916068962,rsnEmot
edless than high school,0.123080221,0.017968071,0.843092209,rsnEmot,-2.094918936,0.981773138,-2.133811627,0.042458248,rsnEmot
edsome col/assoc dg,0.798906617,0.223443865,2.8564301,rsnEmot,-0.224511215,0.650054722,-0.345372794,0.732592824,rsnEmot
raceBlack,2376296.734,729734.9446,7738133.155,rsnEmot,14.68105384,0.602366774,24.37228359,1.96E-19,rsnEmot
racehispanic,2624477.575,959426.8397,7179163.909,rsnEmot,14.78039242,0.513428349,28.7876438,3.00E-21,rsnEmot
racemore than one,5613002.541,1627521.052,19358150.54,rsnEmot,15.54059635,0.631658423,24.6028483,1.55E-19,rsnEmot
raceNative Am/AK/pac isl,4089490.546,628295.2035,26617954.16,rsnEmot,15.22393096,0.955714273,15.9293749,6.26E-15,rsnEmot
raceNHW,3570849.01,1760381.572,7243294.778,rsnEmot,15.08831394,0.360860099,41.81208726,2.24E-25,rsnEmot
age22-29,0.407008751,0.192495339,0.860572124,rsnEmot,-0.898920593,0.382028828,-2.3530177,0.02646463,rsnEmot
age30-49,0.341495062,0.144990283,0.80432202,rsnEmot,-1.074422061,0.437082773,-2.458166113,0.020942717,rsnEmot
age50+,0.228699038,0.017352778,3.014114001,rsnEmot,-1.475348386,1.31566413,-1.121371597,0.272380225,rsnEmot
hasInsurance,0.758286133,0.396853398,1.448892367,rsnEmot,-0.276694481,0.330360081,-0.837554223,0.40991444,rsnEmot
marStat,0.581313958,0.159215783,2.122439816,rsnEmot,-0.542464294,0.660742028,-0.820992567,0.419114881,rsnEmot
metro,1.716941776,0.634156048,4.648523136,rsnEmot,0.540544671,0.5081751,1.063697673,0.29724553,rsnEmot
incomeF20k-49k,2.677827544,1.258489519,5.69791027,rsnEmot,0.985005848,0.385258937,2.556737182,0.016750856,rsnEmot
incomeF50k-74k,2.386337789,0.891228407,6.38961685,rsnEmot,0.869759885,0.502516591,1.730808295,0.09533933,rsnEmot
incomeF75k+,3.586961969,1.459800351,8.81373686,rsnEmot,1.277305596,0.458684916,2.78471245,0.009859295,rsnEmot
healthFair/Poor,2.597689183,0.435344225,15.50035283,rsnEmot,0.954622274,0.911363947,1.04746548,0.304525262,rsnEmot
healthGood,2.254449163,0.544093185,9.34130617,rsnEmot,0.812905669,0.725289052,1.120802344,0.272618069,rsnEmot
healthVery Good,1.64965253,0.575572939,4.728077513,rsnEmot,0.500564678,0.537231299,0.931748912,0.360038247,rsnEmot
(Intercept),0.004131853,0.000393358,0.04340125,rsnHigh,-5.489029279,1.199900744,-4.574569442,0.000103331,rsnHigh
sexMen,2.127285846,1.405757953,3.219149541,rsnHigh,0.754846916,0.211366277,3.571274124,0.001414666,rsnHigh
employmentemployed part time,0.985654682,0.54203924,1.792333618,rsnHigh,-0.014449207,0.305091154,-0.047360293,0.962587994,rsnHigh
employmentother,1.45573092,0.803134108,2.638603556,rsnHigh,0.375508125,0.303445217,1.237482434,0.226967783,rsnHigh
employmentunemployed,3.295454695,1.596714391,6.801480404,rsnHigh,1.192544154,0.369698702,3.225719071,0.003379977,rsnHigh
edhigh school grad,0.46482044,0.23149082,0.933333084,rsnHigh,-0.766104099,0.355675393,-2.153941807,0.040691144,rsnHigh
edless than high school,0.324001065,0.137381846,0.76412345,rsnHigh,-1.127008476,0.437754246,-2.57452323,0.016082934,rsnHigh
edsome col/assoc dg,0.486405659,0.269142591,0.87905249,rsnHigh,-0.720712314,0.301945164,-2.386898019,0.024554542,rsnHigh
raceBlack,4.530107858,0.445721807,46.04189627,rsnHigh,1.510745749,1.183086036,1.276953411,0.212905621,rsnHigh
racehispanic,10.04317951,1.016071408,99.27004527,rsnHigh,2.306893748,1.16887358,1.973604151,0.059142957,rsnHigh
racemore than one,15.01508849,1.277408776,176.4923544,rsnHigh,2.709055595,1.257279206,2.15469689,0.040626162,rsnHigh
raceNative Am/AK/pac isl,33.12740722,2.687131697,408.4001949,rsnHigh,3.500360952,1.281598351,2.731246454,0.011182138,rsnHigh
raceNHW,27.36547456,3.661282227,204.5374139,rsnHigh,3.309282166,1.026278422,3.224546181,0.003389841,rsnHigh
age22-29,0.7668073,0.41798697,1.40672671,rsnHigh,-0.265519748,0.309590011,-0.857649598,0.398923054,rsnHigh
age30-49,0.436726187,0.229238871,0.832013181,rsnHigh,-0.828448855,0.32885393,-2.519200103,0.018245863,rsnHigh
age50+,0.179179956,0.058350017,0.550221884,rsnHigh,-1.71936464,0.572424286,-3.003654252,0.00583346,rsnHigh
hasInsurance,0.798958561,0.356339219,1.791368303,rsnHigh,-0.224446198,0.411959581,-0.544825776,0.590516482,rsnHigh
marStat,1.06464628,0.546010631,2.07591508,rsnHigh,0.062642613,0.340699855,0.183864513,0.855546212,rsnHigh
metro,1.225860205,0.652604001,2.302672432,rsnHigh,0.203642806,0.32165263,0.633114071,0.532188924,rsnHigh
incomeF20k-49k,1.276924227,0.621833623,2.622141069,rsnHigh,0.244454238,0.367117433,0.665874775,0.511356202,rsnHigh
incomeF50k-74k,1.842486389,0.831600785,4.082194432,rsnHigh,0.611115958,0.405884365,1.50564055,0.144212886,rsnHigh
incomeF75k+,1.085313903,0.53299856,2.209961445,rsnHigh,0.081869257,0.362815755,0.225649674,0.823238255,rsnHigh
healthFair/Poor,0.823939052,0.331877899,2.045558212,rsnHigh,-0.193658718,0.463952114,-0.417411005,0.679804588,rsnHigh
healthGood,0.797263658,0.366828337,1.732770552,rsnHigh,-0.226569842,0.396074342,-0.572038677,0.572209015,rsnHigh
healthVery Good,1.032673065,0.518546729,2.056543025,rsnHigh,0.032150649,0.351473694,0.091473842,0.927817225,rsnHigh
(Intercept),0.004033003,0.000314162,0.051773078,rsnRelax,-5.513243905,1.302247868,-4.233636346,0.000253634,rsnRelax
sexMen,0.823652651,0.454592118,1.492334913,rsnRelax,-0.194006379,0.303244515,-0.639768797,0.527920583,rsnRelax
employmentemployed part time,0.862255395,0.447511536,1.66137475,rsnRelax,-0.14820377,0.334623084,-0.442897629,0.66150291,rsnRelax
employmentother,1.220032522,0.453590522,3.281548628,rsnRelax,0.198877516,0.504824551,0.393953733,0.696827703,rsnRelax
employmentunemployed,0.995721621,0.394270199,2.514675339,rsnRelax,-0.004287558,0.472677697,-0.009070785,0.992831903,rsnRelax
edhigh school grad,0.420844828,0.171313496,1.033837811,rsnRelax,-0.865491093,0.458564039,-1.88739417,0.070318773,rsnRelax
edless than high school,0.688268513,0.255109767,1.856900858,rsnRelax,-0.373576237,0.506379269,-0.73773999,0.4672791,rsnRelax
edsome col/assoc dg,1.186848528,0.582806266,2.416942837,rsnRelax,0.171301499,0.362864807,0.472080774,0.640807316,rsnRelax
raceBlack,1.907157376,0.209425389,17.36775691,rsnRelax,0.645613848,1.127062336,0.572828873,0.5716817,rsnRelax
racehispanic,1.226575185,0.132585221,11.3473181,rsnRelax,0.204225883,1.135100216,0.179918813,0.858611231,rsnRelax
racemore than one,0.745059548,0.074647612,7.436456627,rsnRelax,-0.294291134,1.173840758,-0.250707885,0.804010624,rsnRelax
raceNative Am/AK/pac isl,1.109596256,0.093046165,13.23218265,rsnRelax,0.103996216,1.264643507,0.082233622,0.935090753,rsnRelax
raceNHW,1.895967137,0.254943293,14.09996451,rsnRelax,0.639729071,1.023714326,0.624909757,0.537476525,rsnRelax
age22-29,1.193101383,0.650030638,2.189882794,rsnRelax,0.176556121,0.309848501,0.569814347,0.573694671,rsnRelax
age30-49,0.59253921,0.258489845,1.358284368,rsnRelax,-0.523338231,0.423253002,-1.236466672,0.227338712,rsnRelax
age50+,0.246954567,0.065967994,0.924487081,rsnRelax,-1.398550897,0.673499464,-2.076543443,0.047866671,rsnRelax
hasInsurance,1.913758341,0.839464235,4.362867217,rsnRelax,0.649069027,0.420446722,1.543760463,0.134731809,rsnRelax
marStat,1.118850632,0.550480457,2.274062087,rsnRelax,0.112301937,0.361876936,0.310331845,0.758782644,rsnRelax
metro,2.848832168,1.087282627,7.464337718,rsnRelax,1.046909145,0.491451665,2.130238269,0.042779015,rsnRelax
incomeF20k-49k,1.660937762,0.748789753,3.684230772,rsnRelax,0.50738236,0.40647655,1.248245095,0.223065574,rsnRelax
incomeF50k-74k,2.17443579,0.833433681,5.673122063,rsnRelax,0.776769224,0.489279588,1.587577417,0.124470224,rsnRelax
incomeF75k+,2.84641883,1.054738953,7.681616511,rsnRelax,1.046061653,0.506523774,2.065177799,0.049010242,rsnRelax
healthFair/Poor,0.660731367,0.206161347,2.117593558,rsnRelax,-0.414407925,0.594239621,-0.697375117,0.491757521,rsnRelax
healthGood,1.028475473,0.338309934,3.126605789,rsnRelax,0.028077582,0.567291251,0.049494122,0.960903786,rsnRelax
healthVery Good,1.297614675,0.440639103,3.821276488,rsnRelax,0.260527713,0.55105952,0.472775996,0.640317791,rsnRelax
(Intercept),6.51E-10,2.58E-11,1.64E-08,rsnExp,-21.15273575,1.646179339,-12.84959375,9.07E-13,rsnExp
sexMen,2.863310682,0.794231531,10.3226172,rsnExp,1.051978536,0.654276714,1.607849574,0.119945606,rsnExp
employmentemployed part time,2.228054424,0.6018123,8.248795378,rsnExp,0.801128749,0.667837999,1.199585453,0.241118201,rsnExp
employmentother,0.139407349,0.016753287,1.160035568,rsnExp,-1.970355065,1.081043197,-1.822642306,0.079878509,rsnExp
employmentunemployed,1.330816906,0.216429104,8.183158387,rsnExp,0.285792969,0.92669316,0.308400861,0.76023476,rsnExp
edhigh school grad,0.284680346,0.028814886,2.81253581,rsnExp,-1.256388322,1.168631077,-1.075094054,0.29220866,rsnExp
edless than high school,1.195508479,0.177146367,8.068133428,rsnExp,0.1785716,0.974176348,0.18330521,0.855980539,rsnExp
edsome col/assoc dg,0.581463917,0.14505108,2.330904999,rsnExp,-0.54220636,0.708412489,-0.765382272,0.450936328,rsnExp
raceBlack,0.78909221,0.168822038,3.688301131,rsnExp,-0.236872096,0.786768564,-0.301069599,0.765756039,rsnExp
racehispanic,45888844.05,7888713.513,266936554.9,rsnExp,17.6417326,0.898378227,19.63731095,4.07E-17,rsnExp
racemore than one,55600903.48,5536665.297,558361450.8,rsnExp,17.83371001,1.176964006,15.15229855,2.03E-14,rsnExp
raceNative Am/AK/pac isl,3.870735547,0.370023344,40.49094182,rsnExp,1.353444553,1.197794325,1.129947375,0.268815291,rsnExp
raceNHW,40235039.98,9214129.717,175693037.9,rsnExp,17.51024882,0.752054693,23.28321195,6.12E-19,rsnExp
age22-29,0.661047932,0.184835763,2.364176509,rsnExp,-0.413928927,0.650194952,-0.636622794,0.529936125,rsnExp
age30-49,6.97E-09,1.67E-09,2.91E-08,rsnExp,-18.78118342,0.729590152,-25.74210105,5.00E-20,rsnExp
age50+,6.30E-09,1.49E-09,2.67E-08,rsnExp,-18.88321797,0.736569065,-25.63672419,5.54E-20,rsnExp
hasInsurance,2.581160804,0.43916762,15.17049707,rsnExp,0.948239222,0.903645859,1.049348274,0.303674506,rsnExp
marStat,1.532098594,0.362602957,6.473543745,rsnExp,0.426638426,0.735261088,0.580254324,0.566738518,rsnExp
metro,2.388046842,0.292313274,19.50909597,rsnExp,0.870475811,1.071654899,0.812272507,0.424010389,rsnExp
incomeF20k-49k,0.211958668,0.046394719,0.968353248,rsnExp,-1.551363983,0.775119167,-2.001452228,0.055882139,rsnExp
incomeF50k-74k,0.209498575,0.04142523,1.05949086,rsnExp,-1.563038343,0.826967652,-1.890084018,0.069944085,rsnExp
incomeF75k+,0.21958789,0.050253104,0.959519666,rsnExp,-1.516002717,0.752401708,-2.014884737,0.054366698,rsnExp
healthFair/Poor,0.319658981,0.041821116,2.443307945,rsnExp,-1.140500536,1.03769936,-1.099066435,0.281812438,rsnExp
healthGood,0.236313044,0.055079682,1.013873956,rsnExp,-1.442597897,0.743062884,-1.941421013,0.0631185,rsnExp
healthVery Good,0.242033238,0.058491108,1.001521267,rsnExp,-1.418680215,0.724605318,-1.957866138,0.06105874,rsnExp
(Intercept),0.069656406,0.00199261,2.435005031,rsnSleep,-2.664180606,1.813364662,-1.469191863,0.15377766,rsnSleep
sexMen,1.651056739,0.7261454,3.754053056,rsnSleep,0.501415531,0.419099813,1.196410772,0.242332837,rsnSleep
employmentemployed part time,1.103674613,0.300952065,4.047480627,rsnSleep,0.09864517,0.662996596,0.148786842,0.882869855,rsnSleep
employmentother,0.288120201,0.078725578,1.05446352,rsnSleep,-1.244377521,0.661955861,-1.879849692,0.071379006,rsnSleep
employmentunemployed,0.667781933,0.127664668,3.493000199,rsnSleep,-0.403793606,0.844176037,-0.478328676,0.636413958,rsnSleep
edhigh school grad,0.410697667,0.062799292,2.685899274,rsnSleep,-0.889897939,0.958136757,-0.928779668,0.361546393,rsnSleep
edless than high school,0.486886226,0.083389085,2.842796478,rsnSleep,-0.719724806,0.900278303,-0.79944702,0.431274723,rsnSleep
edsome col/assoc dg,0.413810109,0.121247373,1.412309414,rsnSleep,-0.882348085,0.626324943,-1.40877047,0.170750582,rsnSleep
raceBlack,2.671862893,0.430248113,16.59240588,rsnSleep,0.982775942,0.931736086,1.054779306,0.301229819,rsnSleep
racehispanic,0.205107267,0.025334291,1.66055532,rsnSleep,-1.584222181,1.06704729,-1.484678511,0.149653017,rsnSleep
racemore than one,0.090024097,0.006675674,1.214010431,rsnSleep,-2.407677901,1.327374996,-1.813864137,0.081256955,rsnSleep
raceNative Am/AK/pac isl,0.856704355,0.074252748,9.884379683,rsnSleep,-0.154662396,1.247787264,-0.123949331,0.902308678,rsnSleep
raceNHW,0.6165577,0.115425047,3.293422076,rsnSleep,-0.483603368,0.854878227,-0.565698543,0.576448757,rsnSleep
age22-29,0.644012904,0.163600016,2.535162474,rsnSleep,-0.440036515,0.699142563,-0.629394545,0.534582663,rsnSleep
age30-49,0.202805725,0.037994436,1.082531191,rsnSleep,-1.595506777,0.854509973,-1.867159925,0.07319359,rsnSleep
age50+,0.258185781,0.026756949,2.491311642,rsnSleep,-1.35407587,1.156595337,-1.170742979,0.252320967,rsnSleep
hasInsurance,0.639222594,0.215189439,1.898817744,rsnSleep,-0.447502538,0.555486733,-0.805604367,0.427777719,rsnSleep
marStat,1.801373235,0.722633907,4.49044184,rsnSleep,0.588549282,0.4660299,1.262900261,0.217834052,rsnSleep
metro,0.901864513,0.429030433,1.895808636,rsnSleep,-0.103290977,0.379056172,-0.272495173,0.787393789,rsnSleep
incomeF20k-49k,3.060055,0.736487009,12.71432692,rsnSleep,1.11843289,0.726695278,1.539067232,0.135870868,rsnSleep
incomeF50k-74k,1.707962755,0.315978718,9.232067233,rsnSleep,0.535301289,0.860924852,0.621774697,0.539504396,rsnSleep
incomeF75k+,1.997677841,0.527767163,7.56151015,rsnSleep,0.691985427,0.679137734,1.018917654,0.317630166,rsnSleep
healthFair/Poor,0.764792901,0.190956833,3.06303876,rsnSleep,-0.268150199,0.707950601,-0.378769646,0.707934403,rsnSleep
healthGood,0.764959149,0.199803319,2.928692594,rsnSleep,-0.267932846,0.684955931,-0.391168006,0.698860321,rsnSleep
healthVery Good,0.569603979,0.144040397,2.252484025,rsnSleep,-0.562813933,0.701465722,-0.802339894,0.429629563,rsnSleep
