"","OR","CI_lower_95","CI_upper_95","outcome","coeff_est","coeff_std_err","coeff_t_value","coeff_p_value","outcome.1","NA","NA.1","NA.2","NA.3","covariate"
"(Intercept)",0.178540503521598,0.142399397517994,0.223854257485308,"lifetime_use",-1.72293979301759,0.115399935760382,-14.930162496755,2.87442837205729e-14,"lifetime_use",NA,NA,NA,NA,"(Intercept)"
"sexMen",0.767371096141972,0.724418201732721,0.812870794501923,"lifetime_use",-0.264784766535937,0.0293891421343833,-9.00961196230894,1.77545561246329e-09,"lifetime_use",81.1731077113803,1.77545561246328e-09,1,26,"sexMen"
"employmentemployed part time",1.00896219388452,0.929742113573596,1.0949323407277,"lifetime_use",0.00892227177407201,0.0417203075875784,0.213859204066091,0.832325120953864,"lifetime_use",NA,NA,NA,NA,"employmentemployed part time"
"employmentother",0.898906960692348,0.827853806272028,0.97605847537245,"lifetime_use",-0.106575741865796,0.0420124866798457,-2.53676347886646,0.0175315934573068,"lifetime_use",NA,NA,NA,NA,"employmentother"
"employmentunemployed",1.01358264247574,0.873941378568178,1.17553625257023,"lifetime_use",0.0134912252488581,0.0756305751384337,0.178383216366712,0.859804694785707,"lifetime_use",NA,NA,NA,NA,"employmentunemployed"
"edFhigh school grad",0.622603152307666,0.567804083720002,0.682690907616993,"lifetime_use",-0.473845957852743,0.0470074377196573,-10.0802337000086,1.79459657238956e-10,"lifetime_use",NA,NA,NA,NA,"edFhigh school grad"
"edFless than high school",0.460693689719203,0.403294622843737,0.526262101514129,"lifetime_use",-0.775021904292304,0.0678920668151462,-11.4155002292463,1.2572757589473e-11,"lifetime_use",NA,NA,NA,NA,"edFless than high school"
"edFsome col/assoc dg",0.966281900573209,0.893214632307875,1.04532626045645,"lifetime_use",-0.0342996648019807,0.0401174271947731,-0.85498166757936,0.400371409982875,"lifetime_use",NA,NA,NA,NA,"edFsome col/assoc dg"
"raceBlack",2.64772071571038,2.24372085645773,3.12446397608905,"lifetime_use",0.973699162614527,0.0844727655792299,11.5267821047159,1.0170095773233e-11,"lifetime_use",NA,NA,NA,NA,"raceBlack"
"racehispanic",2.03379254099199,1.71599664286094,2.41044300232344,"lifetime_use",0.709902296845307,0.0866894766926388,8.18902505735841,1.13846982039392e-08,"lifetime_use",NA,NA,NA,NA,"racehispanic"
"racemore than one",5.04798579044136,3.9711841779877,6.41676623354457,"lifetime_use",1.61898931034615,0.122412952690803,13.2256372774169,4.71537114293569e-13,"lifetime_use",NA,NA,NA,NA,"racemore than one"
"raceNative Am/AK/pac isl",3.4229536022478,2.62154857108522,4.46934742784145,"lifetime_use",1.23050380475206,0.136093625200629,9.04159767173558,1.65438394293507e-09,"lifetime_use",NA,NA,NA,NA,"raceNative Am/AK/pac isl"
"raceNHW",5.40670972286256,4.60811866365072,6.34369732226849,"lifetime_use",1.68764072352553,0.0815428497992018,20.6963667284296,1.12420043471043e-17,"lifetime_use",NA,NA,NA,NA,"raceNHW"
"age22-29",1.62856167121365,1.47270377625588,1.80091418227298,"lifetime_use",0.487697214967146,0.0513260451937422,9.50194415186712,6.07599442674407e-10,"lifetime_use",NA,NA,NA,NA,"age22-29"
"age30-49",2.30081105048646,2.10534973414937,2.5144190555017,"lifetime_use",0.833261691421819,0.0452967984612034,18.3955979170472,1.99220348899748e-16,"lifetime_use",NA,NA,NA,NA,"age30-49"
"age50+",2.03382318850006,1.80008549229534,2.29791128242806,"lifetime_use",0.709917365873505,0.0622884947594026,11.3972470937956,1.30195713167078e-11,"lifetime_use",NA,NA,NA,NA,"age50+"
"hasInsuranceinsured",1.25510889149833,1.14333630468242,1.37780836930192,"lifetime_use",0.227222334953908,0.0475885089397911,4.77473112766339,6.09095938701637e-05,"lifetime_use",NA,NA,NA,NA,"hasInsuranceinsured"
"marStatmarried",0.970406314365033,0.899485226018935,1.04691926862143,"lifetime_use",-0.0300404144020809,0.0387212400749758,-0.775812302083141,0.444859871076828,"lifetime_use",NA,NA,NA,NA,"marStatmarried"
"metro",1.02075237736419,0.9321719191727,1.11775027166595,"lifetime_use",0.0205399802515179,0.0463161566455282,0.443473330671987,0.661091913103882,"lifetime_use",NA,NA,NA,NA,"metro"
"incomeF20k-49k",1.04371595444219,0.961991686763737,1.13238295979652,"lifetime_use",0.0427873781524302,0.041601197148054,1.02851314591151,0.313182321167197,"lifetime_use",NA,NA,NA,NA,"incomeF20k-49k"
"incomeF50k-74k",1.22853510526378,1.08466310629719,1.39149058920047,"lifetime_use",0.20582248828411,0.0635486425251573,3.23881801570553,0.00327167551541886,"lifetime_use",NA,NA,NA,NA,"incomeF50k-74k"
"incomeF75k+",1.48015088247727,1.33298511779589,1.64356421212027,"lifetime_use",0.392144030199495,0.0534311621721029,7.33923826954,8.5635647805097e-08,"lifetime_use",NA,NA,NA,NA,"incomeF75k+"
"healthFair/Poor",2.21331388483733,1.96739859177439,2.4899673982157,"lifetime_use",0.794490887810541,0.060092292727478,13.2211778208164,4.75169319519069e-13,"lifetime_use",NA,NA,NA,NA,"healthFair/Poor"
"healthGood",1.57079698005085,1.42394493046111,1.73279394431206,"lifetime_use",0.451583121165024,0.0500784617096263,9.01751183539688,1.74473148177993e-09,"lifetime_use",NA,NA,NA,NA,"healthGood"
"healthVery Good",1.42102449528052,1.29435451223535,1.56009083840555,"lifetime_use",0.35137808702446,0.0476365703784889,7.37622553917381,7.82833467670659e-08,"lifetime_use",NA,NA,NA,NA,"healthVery Good"
"(Intercept)1",0.0218992369480164,0.0146314416668391,0.0327771240746758,"lifetime_misuse",-3.82130348532303,0.205758393951197,-18.5717987584476,1.5813726273316e-16,"lifetime_misuse",NA,NA,NA,NA,"(Intercept)"
"sexMen1",1.30991216895508,1.19017625247366,1.44169393970881,"lifetime_misuse",0.269960088366162,0.0489083889519626,5.51970927996248,8.57338731807127e-06,"lifetime_misuse",30.4671905353039,8.57338731807129e-06,1,26,"sexMen"
"employmentemployed part time1",0.977375797857609,0.846697337511795,1.12822304726391,"lifetime_misuse",-0.0228840562107844,0.0732298796342699,-0.312496160379802,0.757156130145473,"lifetime_misuse",NA,NA,NA,NA,"employmentemployed part time"
"employmentother1",0.756986045261828,0.668053287192579,0.857757732364778,"lifetime_misuse",-0.27841045997903,0.0637648846547411,-4.36620345957654,0.000178985524213757,"lifetime_misuse",NA,NA,NA,NA,"employmentother"
"employmentunemployed1",1.25969939819478,1.06603190252143,1.48855073667028,"lifetime_misuse",0.23087311963907,0.0851698645187054,2.71073719494252,0.0117324961455481,"lifetime_misuse",NA,NA,NA,NA,"employmentunemployed"
"edFhigh school grad1",0.846464184252092,0.744880900677561,0.961900908681929,"lifetime_misuse",-0.166687388697333,0.0652274993600605,-2.55547721946546,0.0167991360715176,"lifetime_misuse",NA,NA,NA,NA,"edFhigh school grad"
"edFless than high school1",0.695348472809336,0.59018610319465,0.819249209734118,"lifetime_misuse",-0.363342159350523,0.0836623553387226,-4.3429587641833,0.000190279066175972,"lifetime_misuse",NA,NA,NA,NA,"edFless than high school"
"edFsome col/assoc dg1",1.07596305142735,0.958875716106945,1.20734780179555,"lifetime_misuse",0.0732161223278346,0.0587816577853661,1.24556069165613,0.224034068500521,"lifetime_misuse",NA,NA,NA,NA,"edFsome col/assoc dg"
"raceBlack1",1.83844301257038,1.28490007497836,2.63045568779017,"lifetime_misuse",0.608919024580591,0.182777885076243,3.33146991128927,0.00259572200436389,"lifetime_misuse",NA,NA,NA,NA,"raceBlack"
"racehispanic1",2.32495322862952,1.59568568361278,3.38751395141711,"lifetime_misuse",0.843699922118491,0.192042499529242,4.39329796366258,0.000166659735446627,"lifetime_misuse",NA,NA,NA,NA,"racehispanic"
"racemore than one1",4.52356441649964,2.99384520720792,6.83490080948617,"lifetime_misuse",1.50930027079337,0.210586363008448,7.16713204611839,1.30328007833251e-07,"lifetime_misuse",NA,NA,NA,NA,"racemore than one"
"raceNative Am/AK/pac isl1",2.83970548891229,1.75010300373663,4.60768723128945,"lifetime_misuse",1.04370034570856,0.246956425753298,4.22625304251524,0.000258598663994371,"lifetime_misuse",NA,NA,NA,NA,"raceNative Am/AK/pac isl"
"raceNHW1",4.7744538518953,3.41125693729569,6.68240768810255,"lifetime_misuse",1.56327959082477,0.171533133662774,9.11357215625813,1.41197865788887e-09,"lifetime_misuse",NA,NA,NA,NA,"raceNHW"
"age22-291",1.55569694667855,1.39488490203362,1.73504852362838,"lifetime_misuse",0.441923642441755,0.0556702770743741,7.93823321287508,2.04498281672077e-08,"lifetime_misuse",NA,NA,NA,NA,"age22-29"
"age30-491",1.55365989801303,1.3801039503315,1.74904149655833,"lifetime_misuse",0.440613372145551,0.0604371051817811,7.29044468328333,9.64269408499773e-08,"lifetime_misuse",NA,NA,NA,NA,"age30-49"
"age50+1",0.709287352283356,0.597712683866462,0.841689597173633,"lifetime_misuse",-0.34349454219861,0.0873233188994361,-3.93359467468464,0.000555771974821548,"lifetime_misuse",NA,NA,NA,NA,"age50+"
"hasInsuranceinsured1",0.874815195436905,0.76527866801391,1.00002999972998,"lifetime_misuse",-0.13374262014645,0.0682525905994345,-1.95952445133355,0.0608543412589508,"lifetime_misuse",NA,NA,NA,NA,"hasInsuranceinsured"
"marStatmarried1",0.694246213085441,0.623663051815967,0.772817634426257,"lifetime_misuse",-0.364928607494381,0.0547032654020543,-6.67105710805843,4.46149940756485e-07,"lifetime_misuse",NA,NA,NA,NA,"marStatmarried"
"metro1",1.19662351549793,1.05157762047987,1.36167583824121,"lifetime_misuse",0.17950385370944,0.0659258652104869,2.72281377174685,0.0114054246809459,"lifetime_misuse",NA,NA,NA,NA,"metro"
"incomeF20k-49k1",0.90445284311904,0.800001871276144,1.02254128996124,"lifetime_misuse",-0.100425111361033,0.0626114060404691,-1.60394275918549,0.120806825247381,"lifetime_misuse",NA,NA,NA,NA,"incomeF20k-49k"
"incomeF50k-74k1",0.894202464807362,0.768990560886859,1.03980216238988,"lifetime_misuse",-0.111823058747494,0.0769674986498153,-1.45286076212849,0.158225782430084,"lifetime_misuse",NA,NA,NA,NA,"incomeF50k-74k"
"incomeF75k+1",0.91636769329303,0.803689077466969,1.04484404834493,"lifetime_misuse",-0.0873375829602527,0.0669426694784142,-1.3046623870955,0.203438438353967,"lifetime_misuse",NA,NA,NA,NA,"incomeF75k+"
"healthFair/Poor1",2.36365488785048,2.0300818728645,2.75203897120476,"lifetime_misuse",0.860209102359911,0.0776202929539352,11.0822707519336,2.39292060362946e-11,"lifetime_misuse",NA,NA,NA,NA,"healthFair/Poor"
"healthGood1",1.77518516086942,1.53638318999265,2.05110442231932,"lifetime_misuse",0.573904733469616,0.073712404077518,7.78572806913314,2.93174358332199e-08,"lifetime_misuse",NA,NA,NA,NA,"healthGood"
"healthVery Good1",1.58587160666303,1.37780945008619,1.82535310137599,"lifetime_misuse",0.461134165750966,0.0717560546438483,6.42641471914453,8.27120249542675e-07,"lifetime_misuse",NA,NA,NA,NA,"healthVery Good"
"(Intercept)2",0.102750568806251,0.0774900666136766,0.136245584129422,"pastyr_use",-2.27545088979385,0.143959091083389,-15.806232678114,7.52223256124647e-15,"pastyr_use",NA,NA,NA,NA,"(Intercept)"
"sexMen2",0.826230782505554,0.781899078992451,0.873075981671966,"pastyr_use",-0.190881146778948,0.0281374838609589,-6.78387405647871,3.36380972920838e-07,"pastyr_use",46.0209472141648,3.36380972920838e-07,1,26,"sexMen"
"employmentemployed part time2",0.986457625224374,0.907789172361412,1.07194343795929,"pastyr_use",-0.013634909105629,0.0424029257272529,-0.321555856624903,0.750360069408294,"pastyr_use",NA,NA,NA,NA,"employmentemployed part time"
"employmentother2",1.12374282776504,1.04567112737042,1.20764350272248,"pastyr_use",0.116664924371797,0.0367384393355538,3.17555471821291,0.00382753016406155,"pastyr_use",NA,NA,NA,NA,"employmentother"
"employmentunemployed2",1.15934783987048,1.02218773842193,1.3149124796658,"pastyr_use",0.147857640012447,0.0642422355759219,2.30156436317831,0.0296261330789976,"pastyr_use",NA,NA,NA,NA,"employmentunemployed"
"edFhigh school grad2",0.970461309408517,0.884638097797599,1.06461066441022,"pastyr_use",-0.0299837438256595,0.0472421450370784,-0.634682100106302,0.531181525922542,"pastyr_use",NA,NA,NA,NA,"edFhigh school grad"
"edFless than high school2",0.844762512250471,0.748083303288164,0.953936144500257,"pastyr_use",-0.16869974171824,0.0620119545138456,-2.72043903535687,0.0114690560648327,"pastyr_use",NA,NA,NA,NA,"edFless than high school"
"edFsome col/assoc dg2",1.27216169878247,1.16809907881997,1.38549496116719,"pastyr_use",0.240717578522989,0.0435415500646693,5.52845679966531,8.37950489706802e-06,"pastyr_use",NA,NA,NA,NA,"edFsome col/assoc dg"
"raceBlack2",2.10051469890276,1.73178730923908,2.54775050998913,"pastyr_use",0.742182409414175,0.0984856910674958,7.53594152987697,5.32344489992786e-08,"pastyr_use",NA,NA,NA,NA,"raceBlack"
"racehispanic2",1.54081335396534,1.26774394093342,1.87270135167035,"pastyr_use",0.432310428927943,0.0995281210119451,4.34360082891606,0.000189957810375476,"pastyr_use",NA,NA,NA,NA,"racehispanic"
"racemore than one2",2.49632944863383,1.88640300247445,3.30346204280964,"pastyr_use",0.914821432435736,0.142936090766615,6.40021304297071,8.8399133754779e-07,"pastyr_use",NA,NA,NA,NA,"racemore than one"
"raceNative Am/AK/pac isl2",2.71009642982246,2.07543564461929,3.53883420956844,"pastyr_use",0.99698421721887,0.1361316526543,7.32367673336536,8.89363112009921e-08,"pastyr_use",NA,NA,NA,NA,"raceNative Am/AK/pac isl"
"raceNHW2",2.27416098918417,1.91798284628992,2.696483034106,"pastyr_use",0.821611188417954,0.0869083089691889,9.45377027999975,6.73875137785703e-10,"pastyr_use",NA,NA,NA,NA,"raceNHW"
"age22-292",1.25379307303277,1.12199547558899,1.40107255705265,"pastyr_use",0.226173415064016,0.0566666741325787,3.99129503409455,0.000478236989221563,"pastyr_use",NA,NA,NA,NA,"age22-29"
"age30-492",1.44366252217742,1.30679422205247,1.59486585016137,"pastyr_use",0.367183302752656,0.0508204866266855,7.22510403038625,1.13090177950475e-07,"pastyr_use",NA,NA,NA,NA,"age30-49"
"age50+2",1.25128821511478,1.11009483356221,1.41044003624524,"pastyr_use",0.224173592731183,0.0610869109632267,3.66974838302318,0.00109939622499864,"pastyr_use",NA,NA,NA,NA,"age50+"
"hasInsuranceinsured2",1.25549538448844,1.12168816386311,1.40526459247202,"pastyr_use",0.227530223374926,0.057498701309555,3.95713673861909,0.000522745622285248,"pastyr_use",NA,NA,NA,NA,"hasInsuranceinsured"
"marStatmarried2",0.888001943721281,0.827644529682311,0.952761026953751,"pastyr_use",-0.118781347117047,0.0359140179073271,-3.30738118535084,0.00275719875787219,"pastyr_use",NA,NA,NA,NA,"marStatmarried"
"metro2",0.988279832272322,0.917153907435301,1.06492162215981,"pastyr_use",-0.0117893902917496,0.0381081454138746,-0.309366676433886,0.759508346693212,"pastyr_use",NA,NA,NA,NA,"metro"
"incomeF20k-49k2",0.946949654837133,0.868001592876415,1.03307834473506,"pastyr_use",-0.0545093500000287,0.0444152953314565,-1.22726528312474,0.230719670037792,"pastyr_use",NA,NA,NA,NA,"incomeF20k-49k"
"incomeF50k-74k2",1.03900724305713,0.930561074312429,1.16009156295606,"pastyr_use",0.0382656832738577,0.0562424887302201,0.680369666026121,0.502284556959569,"pastyr_use",NA,NA,NA,NA,"incomeF50k-74k"
"incomeF75k+2",1.06347328212507,0.945387731330951,1.19630854549133,"pastyr_use",0.0615402327521428,0.060052313008463,1.02477705968578,0.314908942923241,"pastyr_use",NA,NA,NA,NA,"incomeF75k+"
"healthFair/Poor2",3.41121159697757,3.03087272914817,3.83927851784943,"pastyr_use",1.22706753522037,0.0603158673742217,20.3440253558354,1.7133884977039e-17,"pastyr_use",NA,NA,NA,NA,"healthFair/Poor"
"healthGood2",2.04565431507371,1.85224030787791,2.25926493391889,"pastyr_use",0.715717696790221,0.0506753256149783,14.1235934471958,1.04528559980642e-13,"pastyr_use",NA,NA,NA,NA,"healthGood"
"healthVery Good2",1.43670027503834,1.32362858842666,1.5594311715107,"pastyr_use",0.362349008472074,0.0418232749652309,8.663812405253,3.84296316281209e-09,"pastyr_use",NA,NA,NA,NA,"healthVery Good"
"(Intercept)3",0.0185280151220222,0.0104362808112394,0.0328936477056253,"pastyr_misuse",-3.98847136142056,0.292860301127399,-13.619023630265,2.41449559191041e-13,"pastyr_misuse",NA,NA,NA,NA,"(Intercept)"
"sexMen3",1.209005920447,1.06144305337107,1.37708312380361,"pastyr_misuse",0.189798468599156,0.0664140342489081,2.85780664803202,0.00828800825932803,"pastyr_misuse",8.16705883753604,0.00828800825932803,1,26,"sexMen"
"employmentemployed part time3",0.986478041024784,0.829468683968567,1.17320755350057,"pastyr_misuse",-0.0136142132453838,0.0884484159338565,-0.153922635036956,0.878859260969808,"pastyr_misuse",NA,NA,NA,NA,"employmentemployed part time"
"employmentother3",0.886854896017289,0.758792795479283,1.03653014535153,"pastyr_misuse",-0.120073899663265,0.0795691334928885,-1.50905124125798,0.143343093131308,"pastyr_misuse",NA,NA,NA,NA,"employmentother"
"employmentunemployed3",1.53308697422756,1.25901752763244,1.86681727534487,"pastyr_misuse",0.427283332936271,0.100487385307077,4.25210917400772,0.000241622102960287,"pastyr_misuse",NA,NA,NA,NA,"employmentunemployed"
"edFhigh school grad3",1.09305297769695,0.886396747182115,1.34788943647455,"pastyr_misuse",0.0889746780078315,0.106923041623201,0.832137551056399,0.412909473498823,"pastyr_misuse",NA,NA,NA,NA,"edFhigh school grad"
"edFless than high school3",1.09815232096964,0.843659710228802,1.42941342988152,"pastyr_misuse",0.093629059303358,0.134510181821432,0.696074141269501,0.492558425304307,"pastyr_misuse",NA,NA,NA,NA,"edFless than high school"
"edFsome col/assoc dg3",1.46749599718734,1.22006126980666,1.76511176533137,"pastyr_misuse",0.383557545075743,0.0942142140851368,4.07112184504496,0.000388276368190591,"pastyr_misuse",NA,NA,NA,NA,"edFsome col/assoc dg"
"raceBlack3",1.5018032859273,0.93451603100608,2.41345577260339,"pastyr_misuse",0.40666657667386,0.242041730365875,1.68015067508869,0.104905889524685,"pastyr_misuse",NA,NA,NA,NA,"raceBlack"
"racehispanic3",1.57457661135949,0.942046938035852,2.6318131347145,"pastyr_misuse",0.453986417955061,0.262089813685644,1.73217879615719,0.0950911295659267,"pastyr_misuse",NA,NA,NA,NA,"racehispanic"
"racemore than one3",2.43152721494446,1.33219837498619,4.43802117464441,"pastyr_misuse",0.888519543455641,0.306989851345574,2.8942961454952,0.00759528345483132,"pastyr_misuse",NA,NA,NA,NA,"racemore than one"
"raceNative Am/AK/pac isl3",1.90672395664037,1.06445517267284,3.41545265612019,"pastyr_misuse",0.645386563461196,0.297415398829788,2.16998368611893,0.0393304571843724,"pastyr_misuse",NA,NA,NA,NA,"raceNative Am/AK/pac isl"
"raceNHW3",2.44556342667263,1.60392965479076,3.72882966283144,"pastyr_misuse",0.89427553673644,0.215217671190167,4.15521426187284,0.000311567072054586,"pastyr_misuse",NA,NA,NA,NA,"raceNHW"
"age22-293",1.17271263157967,0.997668730556767,1.37846849775378,"pastyr_misuse",0.159319553791812,0.0824778139544886,1.93166557348046,0.0643688822125952,"pastyr_misuse",NA,NA,NA,NA,"age22-29"
"age30-493",0.902028373846988,0.769489927928368,1.05739550017968,"pastyr_misuse",-0.103109302821148,0.081082159332098,-1.27166449032063,0.21475035205071,"pastyr_misuse",NA,NA,NA,NA,"age30-49"
"age50+3",0.375503198743273,0.304288519590443,0.463384725970644,"pastyr_misuse",-0.979488289190334,0.107293125043917,-9.12908715063908,1.36469115994137e-09,"pastyr_misuse",NA,NA,NA,NA,"age50+"
"hasInsuranceinsured3",0.822628136233108,0.661354534621638,1.0232288660567,"pastyr_misuse",-0.195251019743152,0.111335822442518,-1.75371246611986,0.0912627304253357,"pastyr_misuse",NA,NA,NA,NA,"hasInsuranceinsured"
"marStatmarried3",0.695688750965287,0.60273518295746,0.802977579382155,"pastyr_misuse",-0.362852915559023,0.0731770737609772,-4.95856006410192,3.74877913914557e-05,"pastyr_misuse",NA,NA,NA,NA,"marStatmarried"
"metro3",1.03005094542256,0.882595725743915,1.20214150059657,"pastyr_misuse",0.0296082625936597,0.0788260849544355,0.375615034170153,0.710250281912448,"pastyr_misuse",NA,NA,NA,NA,"metro"
"incomeF20k-49k3",0.879917580658716,0.756377421560741,1.02363572296309,"pastyr_misuse",-0.127927034238469,0.0771890501381841,-1.657321006146,0.109474058161239,"pastyr_misuse",NA,NA,NA,NA,"incomeF20k-49k"
"incomeF50k-74k3",0.999836737042939,0.822736832464304,1.21505864487238,"pastyr_misuse",-0.000163276285908175,0.0994689804690532,-0.00164147943548063,0.998702819461218,"pastyr_misuse",NA,NA,NA,NA,"incomeF50k-74k"
"incomeF75k+3",0.943966391723952,0.81691298333318,1.09078025063156,"pastyr_misuse",-0.0576647154577408,0.073755427663522,-0.78183690725531,0.441372612036875,"pastyr_misuse",NA,NA,NA,NA,"incomeF75k+"
"healthFair/Poor3",2.88099186972878,2.19876018891559,3.77490651108108,"pastyr_misuse",1.05813463406744,0.137880586164835,7.67428296832488,3.82188690210847e-08,"pastyr_misuse",NA,NA,NA,NA,"healthFair/Poor"
"healthGood3",1.8910507500356,1.4999070041582,2.38419643971009,"pastyr_misuse",0.63713262698706,0.11823151846489,5.38885599423525,1.20779873026394e-05,"pastyr_misuse",NA,NA,NA,NA,"healthGood"
"healthVery Good3",1.70778246044936,1.30983188404265,2.22663760727595,"pastyr_misuse",0.535195722178272,0.135358061722086,3.95392572388575,0.000527133731129563,"pastyr_misuse",NA,NA,NA,NA,"healthVery Good"
"(Intercept)4",0.00536527052279166,0.000879331429235386,0.0327363799651375,"dependence",-5.22780848053759,0.922741546514898,-5.66551760921841,5.8593981769505e-06,"dependence",NA,NA,NA,NA,"(Intercept)"
"sexMen4",1.58109603626367,1.13099071642024,2.21033173800149,"dependence",0.458118300382284,0.17093391216265,2.68009018565238,0.012602438529184,"dependence",7.18288340323024,0.012602438529184,1,26,"sexMen"
"employmentemployed part time4",0.794026097054476,0.477570773318381,1.32017593627583,"dependence",-0.23063895044834,0.259394543589895,-0.889143415495209,0.382078987971353,"dependence",NA,NA,NA,NA,"employmentemployed part time"
"employmentother4",1.02429013460821,0.674908235797982,1.55453767520739,"dependence",0.0239998210639884,0.212850015955306,0.112754612473357,0.911091180707727,"dependence",NA,NA,NA,NA,"employmentother"
"employmentunemployed4",2.18796985241329,1.29793481483241,3.68833012287104,"dependence",0.78297410586028,0.266433318497766,2.93872444435603,0.00682588013024675,"dependence",NA,NA,NA,NA,"employmentunemployed"
"edFhigh school grad4",1.08924622131145,0.716070624252776,1.65689987894608,"dependence",0.0854859169356762,0.214015359417631,0.39943823269646,0.692832650644615,"dependence",NA,NA,NA,NA,"edFhigh school grad"
"edFless than high school4",1.1886427298201,0.644129466103109,2.19345894498794,"dependence",0.172812093009864,0.312591270351591,0.552837233155909,0.585097192014499,"dependence",NA,NA,NA,NA,"edFless than high school"
"edFsome col/assoc dg4",1.38890474626474,0.829610573113609,2.32525531461922,"dependence",0.328515484217471,0.262920321800327,1.24948684821313,0.222618640933886,"dependence",NA,NA,NA,NA,"edFsome col/assoc dg"
"raceBlack4",2.01255347786974,0.386438347636002,10.4812877036229,"dependence",0.699404302812057,0.841947736811595,0.830698002064426,0.413707744365791,"dependence",NA,NA,NA,NA,"raceBlack"
"racehispanic4",0.925863155414216,0.172503846279508,4.9692954739375,"dependence",-0.0770288355867669,0.857315197194476,-0.0898489095245719,0.929095861954731,"dependence",NA,NA,NA,NA,"racehispanic"
"racemore than one4",2.90756400063487,0.482777736881716,17.5110154672669,"dependence",1.06731561742461,0.916095670591997,1.16507003764671,0.254568925635202,"dependence",NA,NA,NA,NA,"racemore than one"
"raceNative Am/AK/pac isl4",3.63613381722009,0.581757254174827,22.7267800132291,"dependence",1.29092097905387,0.935028909108833,1.38062146151634,0.179149821560718,"dependence",NA,NA,NA,NA,"raceNative Am/AK/pac isl"
"raceNHW4",3.87600897817055,0.817115790114173,18.3859445388512,"dependence",1.35480601037531,0.794290349645894,1.70568106609793,0.099988080489871,"dependence",NA,NA,NA,NA,"raceNHW"
"age22-294",1.09502150188949,0.690521974346302,1.73647202282801,"dependence",0.090773999504431,0.235249977021302,0.385861884680275,0.702738274965458,"dependence",NA,NA,NA,NA,"age22-29"
"age30-494",0.779725300872259,0.470908655850797,1.29106045783317,"dependence",-0.248813599696764,0.257289187289808,-0.967058127539973,0.342425013605157,"dependence",NA,NA,NA,NA,"age30-49"
"age50+4",0.38426279131833,0.208337496534707,0.7087437223148,"dependence",-0.956428608065242,0.312336007962582,-3.06217849905996,0.00505817025675116,"dependence",NA,NA,NA,NA,"age50+"
"hasInsuranceinsured4",0.470929221418488,0.267025929954104,0.83053481594069,"dependence",-0.753047469254678,0.289475747812186,-2.60141816696597,0.015119845303597,"dependence",NA,NA,NA,NA,"hasInsuranceinsured"
"marStatmarried4",0.752230500968224,0.506314848270071,1.11758667264105,"dependence",-0.284712484754131,0.201985389417948,-1.40956969994005,0.170516738379766,"dependence",NA,NA,NA,NA,"marStatmarried"
"metro4",0.900871474037179,0.640221581009697,1.26763832524044,"dependence",-0.104392679676448,0.174262519739565,-0.599054115781537,0.554321150761919,"dependence",NA,NA,NA,NA,"metro"
"incomeF20k-49k4",1.02100271795069,0.715634475350691,1.45667458174349,"dependence",0.0207852012266715,0.181315042364176,0.11463583470876,0.909614485022409,"dependence",NA,NA,NA,NA,"incomeF20k-49k"
"incomeF50k-74k4",1.04439477545297,0.620561008405479,1.7577005841797,"dependence",0.0434375553915709,0.265601264771128,0.163544233981723,0.871354588366853,"dependence",NA,NA,NA,NA,"incomeF50k-74k"
"incomeF75k+4",0.581632353752483,0.305065480664044,1.10892977532324,"dependence",-0.541916725437148,0.329246922070346,-1.6459279923697,0.111815335918068,"dependence",NA,NA,NA,NA,"incomeF75k+"
"healthFair/Poor4",4.063486250987,2.20548289379104,7.48675972887632,"dependence",1.40204128766584,0.311788792096399,4.49676615454591,0.000126877998604577,"dependence",NA,NA,NA,NA,"healthFair/Poor"
"healthGood4",2.58639347190794,1.42079643433032,4.70822633692842,"dependence",0.950264423418762,0.305641758987648,3.10907916040742,0.00450898118506885,"dependence",NA,NA,NA,NA,"healthGood"
"healthVery Good4",2.19073380335984,1.2835783953038,3.73901166827254,"dependence",0.784236557732309,0.272752337883713,2.87526979169896,0.0079493352118141,"dependence",NA,NA,NA,NA,"healthVery Good"
"(Intercept)5",0.279871826506525,0.0867606358486009,0.902808497263468,"srcOneDoc",-1.27342354309481,0.597551143986097,-2.13107037934888,0.0427041266583717,"srcOneDoc",NA,NA,NA,NA,"(Intercept)"
"sexMen5",0.862533411046533,0.641525411467987,1.15967952613003,"srcOneDoc",-0.147881393381642,0.151035984379109,-0.979113646258303,0.33654709964138,"srcOneDoc",0.958663532289229,0.33654709964138,1,26,"sexMen"
"employmentemployed part time5",0.719961995728749,0.478056124039978,1.08427703197957,"srcOneDoc",-0.328556852075216,0.208917250637388,-1.5726650196325,0.127887774791149,"srcOneDoc",NA,NA,NA,NA,"employmentemployed part time"
"employmentother5",1.20605803555476,0.828760878091879,1.75512143922043,"srcOneDoc",0.187357219497699,0.191422308839635,0.978763763917707,0.336716718470318,"srcOneDoc",NA,NA,NA,NA,"employmentother"
"employmentunemployed5",0.593762967798988,0.37034189586117,0.95197023579969,"srcOneDoc",-0.521275083368227,0.240848085728056,-2.16433143652553,0.0398051526813814,"srcOneDoc",NA,NA,NA,NA,"employmentunemployed"
"edFhigh school grad5",0.729266855580252,0.458585293692918,1.15971914922339,"srcOneDoc",-0.315715556918628,0.236684665454852,-1.33390795010694,0.193801656139086,"srcOneDoc",NA,NA,NA,NA,"edFhigh school grad"
"edFless than high school5",0.639170994796131,0.37139066716076,1.10002645923204,"srcOneDoc",-0.447583262912391,0.277003812599212,-1.6158018141071,0.118208329763698,"srcOneDoc",NA,NA,NA,NA,"edFless than high school"
"edFsome col/assoc dg5",0.774490234796301,0.532764644726584,1.12589138512122,"srcOneDoc",-0.255550227601988,0.190883758478181,-1.33877407716277,0.192233178186225,"srcOneDoc",NA,NA,NA,NA,"edFsome col/assoc dg"
"raceBlack5",1.244301549514,0.562160299090541,2.75417233950484,"srcOneDoc",0.218574368088393,0.405386330777441,0.539175476561374,0.594353236892827,"srcOneDoc",NA,NA,NA,NA,"raceBlack"
"racehispanic5",0.764812047644475,0.341917434281256,1.71075648555837,"srcOneDoc",-0.268125164695802,0.410752867374477,-0.652765168529808,0.51963826552175,"srcOneDoc",NA,NA,NA,NA,"racehispanic"
"racemore than one5",1.62486611120992,0.585241885615616,4.51127977038286,"srcOneDoc",0.485425419285615,0.521007255676632,0.931705679713027,0.360060175200029,"srcOneDoc",NA,NA,NA,NA,"racemore than one"
"raceNative Am/AK/pac isl5",0.561337453527305,0.208963848582867,1.50791507176689,"srcOneDoc",-0.577433032861899,0.50417303083079,-1.1453072607045,0.262515214385951,"srcOneDoc",NA,NA,NA,NA,"raceNative Am/AK/pac isl"
"raceNHW5",0.787787883276935,0.353433102214367,1.75594686844453,"srcOneDoc",-0.238526409019394,0.408953762899179,-0.583260091136999,0.564743740359577,"srcOneDoc",NA,NA,NA,NA,"raceNHW"
"age22-295",1.08160453919667,0.684111213577552,1.7100558447113,"srcOneDoc",0.0784456230402357,0.233718786814587,0.335641067238928,0.739834951290773,"srcOneDoc",NA,NA,NA,NA,"age22-29"
"age30-495",1.32481137515158,0.802776305255198,2.1863191131097,"srcOneDoc",0.281270090928106,0.255591058051637,1.10046921465962,0.281212412252625,"srcOneDoc",NA,NA,NA,NA,"age30-49"
"age50+5",1.94013048842691,1.0798257853851,3.48584592354523,"srcOneDoc",0.662755232888974,0.298962388704707,2.21685154363546,0.0355862509829112,"srcOneDoc",NA,NA,NA,NA,"age50+"
"hasInsuranceinsured5",1.41379302775494,0.871203265488383,2.2943104146975,"srcOneDoc",0.346276183178641,0.2470229790461,1.40179745429277,0.172801592052337,"srcOneDoc",NA,NA,NA,NA,"hasInsuranceinsured"
"marStatmarried5",1.50472150640268,1.09555829130636,2.06669679723834,"srcOneDoc",0.40860783549818,0.161913050234862,2.523625087079,0.0180634095924544,"srcOneDoc",NA,NA,NA,NA,"marStatmarried"
"metro5",1.560756414102,1.0722115960631,2.27190285304206,"srcOneDoc",0.445170584579337,0.191558191876341,2.32394438587472,0.0282109645892418,"srcOneDoc",NA,NA,NA,NA,"metro"
"incomeF20k-49k5",0.708899097551276,0.491999105612784,1.02142041474466,"srcOneDoc",-0.344042079148811,0.186348475831088,-1.84622963839351,0.0762738044312317,"srcOneDoc",NA,NA,NA,NA,"incomeF20k-49k"
"incomeF50k-74k5",0.667016807102724,0.418948185049619,1.06197242722228,"srcOneDoc",-0.40494003532892,0.237283949303398,-1.7065631135933,0.0998217104063853,"srcOneDoc",NA,NA,NA,NA,"incomeF50k-74k"
"incomeF75k+5",0.826552425689373,0.548782906834892,1.24491653056995,"srcOneDoc",-0.190491932771588,0.208963236035138,-0.91160500950299,0.370351891478556,"srcOneDoc",NA,NA,NA,NA,"incomeF75k+"
"healthFair/Poor5",1.19343130198076,0.729430203820626,1.95259020683183,"srcOneDoc",0.17683260500668,0.251190430652456,0.70397827077793,0.487703927215864,"srcOneDoc",NA,NA,NA,NA,"healthFair/Poor"
"healthGood5",1.17342415065154,0.773625184426748,1.77983378133248,"srcOneDoc",0.159926099070057,0.212551803444238,0.752409984194806,0.458562874150658,"srcOneDoc",NA,NA,NA,NA,"healthGood"
"healthVery Good5",1.25713674295581,0.807264691279913,1.95771326005084,"srcOneDoc",0.228836708859138,0.225994142082425,1.01257805512356,0.32059272815032,"srcOneDoc",NA,NA,NA,NA,"healthVery Good"
"(Intercept)6",0.00122361992135647,8.99580537762623e-06,0.166438206373857,"srcMultDocs",-6.70594166488146,2.5065820251264,-2.67533302228292,0.0127427737523366,"srcMultDocs",NA,NA,NA,NA,"(Intercept)"
"sexMen6",0.926621058017303,0.431421080100722,1.99022862990525,"srcMultDocs",-0.0762105801437473,0.390037831159377,-0.195392790276814,0.846604429827382,"srcMultDocs",0.0381783424921589,0.846604429827382,1,26,"sexMen"
"employmentemployed part time6",0.749301529666922,0.112478841013008,4.99163022400149,"srcMultDocs",-0.288613800152696,0.967556735591548,-0.298291345133619,0.767851696031742,"srcMultDocs",NA,NA,NA,NA,"employmentemployed part time"
"employmentother6",0.457363401799624,0.0881961697005506,2.37177285607698,"srcMultDocs",-0.782277014150408,0.839767844295174,-0.931539614745527,0.360144416218767,"srcMultDocs",NA,NA,NA,NA,"employmentother"
"employmentunemployed6",0.819568517999862,0.157488218471491,4.26503367817372,"srcMultDocs",-0.198977274775503,0.841560031258197,-0.23643859901238,0.814945168535645,"srcMultDocs",NA,NA,NA,NA,"employmentunemployed"
"edFhigh school grad6",0.182046609810627,0.0332238332918346,0.997505852272849,"srcMultDocs",-1.70349252683222,0.867870673621719,-1.96284144470898,0.0604472977853148,"srcMultDocs",NA,NA,NA,NA,"edFhigh school grad"
"edFless than high school6",0.667837611068258,0.138475230800474,3.22084370019936,"srcMultDocs",-0.403710232201612,0.802746167043319,-0.502911441718321,0.6192602523031,"srcMultDocs",NA,NA,NA,NA,"edFless than high school"
"edFsome col/assoc dg6",0.295232321971112,0.0719229914774537,1.21188123777885,"srcMultDocs",-1.21999270047755,0.720506400031403,-1.69324339162619,0.102359065095276,"srcMultDocs",NA,NA,NA,NA,"edFsome col/assoc dg"
"raceBlack6",0.677452196370782,0.0411139655392331,11.1626663190553,"srcMultDocs",-0.389416287579989,1.4296135824825,-0.272392688731855,0.787471719699028,"srcMultDocs",NA,NA,NA,NA,"raceBlack"
"racehispanic6",0.581317178080051,0.0345192682033354,9.78959517740591,"srcMultDocs",-0.542458753567383,1.44072997305357,-0.376516601801282,0.70958812855698,"srcMultDocs",NA,NA,NA,NA,"racehispanic"
"racemore than one6",0.203721262819502,0.00673165818307469,6.16524960062907,"srcMultDocs",-1.59100257818511,1.73979278578535,-0.914478201762933,0.368869050725484,"srcMultDocs",NA,NA,NA,NA,"racemore than one"
"raceNative Am/AK/pac isl6",0.639766507849727,0.0195366883726008,20.9503871260115,"srcMultDocs",-0.446652000680419,1.78003736444429,-0.250922823083469,0.803846220699552,"srcMultDocs",NA,NA,NA,NA,"raceNative Am/AK/pac isl"
"raceNHW6",0.207629409370186,0.0154158348544513,2.79647336926188,"srcMultDocs",-1.57200047409087,1.32673845384652,-1.18486086653574,0.246790268062779,"srcMultDocs",NA,NA,NA,NA,"raceNHW"
"age22-296",0.0442520078565114,0.0101097491786355,0.193698198118605,"srcMultDocs",-3.11785453326923,0.753279414248834,-4.13904120342694,0.000325052938963345,"srcMultDocs",NA,NA,NA,NA,"age22-29"
"age30-496",0.246794980826194,0.0838787673363854,0.726140410680314,"srcMultDocs",-1.39919732416664,0.550614936275733,-2.54115395712034,0.017357137174526,"srcMultDocs",NA,NA,NA,NA,"age30-49"
"age50+6",1.12012454606253,0.359004798846345,3.49488085597651,"srcMultDocs",0.113439880966081,0.580551180156655,0.195400310676262,0.846598603392552,"srcMultDocs",NA,NA,NA,NA,"age50+"
"hasInsuranceinsured6",1.47625517363704,0.37974205441771,5.7389728431102,"srcMultDocs",0.389508593103843,0.692753369312528,0.562261564300123,0.578753655491144,"srcMultDocs",NA,NA,NA,NA,"hasInsuranceinsured"
"marStatmarried6",0.171357499027275,0.0337315286855207,0.870502868299797,"srcMultDocs",-1.7640032672347,0.829259647257975,-2.12720258735312,0.0430532176731294,"srcMultDocs",NA,NA,NA,NA,"marStatmarried"
"metro6",1.99504527765878,0.507934747564132,7.83605705062743,"srcMultDocs",0.690666745652595,0.698007231650518,0.989483653370517,0.331546258252726,"srcMultDocs",NA,NA,NA,NA,"metro"
"incomeF20k-49k6",34.2641513033087,5.46915860251064,214.664110124195,"srcMultDocs",3.53409965611317,0.936228872758307,3.77482446754824,0.000838745855359771,"srcMultDocs",NA,NA,NA,NA,"incomeF20k-49k"
"incomeF50k-74k6",5.97717645556232,0.778532249909905,45.8897346706741,"srcMultDocs",1.78794829183604,1.03996459668483,1.71923957559287,0.0974564009008076,"srcMultDocs",NA,NA,NA,NA,"incomeF50k-74k"
"incomeF75k+6",10.2261327107674,1.0702159823337,97.7127906370775,"srcMultDocs",2.32494647435253,1.15159564737083,2.01889133539237,0.0539217570384191,"srcMultDocs",NA,NA,NA,NA,"incomeF75k+"
"healthFair/Poor6",24.7980211878976,2.8737180024306,213.988239039216,"srcMultDocs",3.2107638591769,1.09959020348009,2.91996404571008,0.00714128004467595,"srcMultDocs",NA,NA,NA,NA,"healthFair/Poor"
"healthGood6",14.6917372194274,1.67295140139647,129.021764974483,"srcMultDocs",2.68728524183418,1.10853867018278,2.42416914638718,0.0225998620618635,"srcMultDocs",NA,NA,NA,NA,"healthGood"
"healthVery Good6",5.73847555832488,0.663121022498861,49.6592637184092,"srcMultDocs",1.74719359288492,1.10103623212236,1.58686294048383,0.124632228210569,"srcMultDocs",NA,NA,NA,NA,"healthVery Good"
"(Intercept)7",0.0120425872966212,0.00136551121242455,0.106204846563833,"srcDrugDeal",-4.41930597044144,1.11069410080563,-3.97886867971655,0.00049397878247358,"srcDrugDeal",NA,NA,NA,NA,"(Intercept)"
"sexMen7",1.55537958423716,1.00312370698046,2.41167229348402,"srcDrugDeal",0.441719621461021,0.223780021764011,1.97390105684608,0.0591073281576652,"srcDrugDeal",3.89628538221809,0.0591073281576652,1,26,"sexMen"
"employmentemployed part time7",0.974177473841817,0.485432323747295,1.95500320871682,"srcDrugDeal",-0.0261617806015034,0.355391028008263,-0.0736140716554473,0.941880901433447,"srcDrugDeal",NA,NA,NA,NA,"employmentemployed part time"
"employmentother7",0.859692610994079,0.426351943294137,1.73347722936949,"srcDrugDeal",-0.151180382704233,0.357817663310942,-0.422506763096427,0.676128908475267,"srcDrugDeal",NA,NA,NA,NA,"employmentother"
"employmentunemployed7",1.3055352389489,0.70200445993049,2.4279365124064,"srcDrugDeal",0.266613101476707,0.316551032656589,0.842243663649463,0.40733258423341,"srcDrugDeal",NA,NA,NA,NA,"employmentunemployed"
"edFhigh school grad7",9.58422476720011,2.80548551667154,32.742056176142,"srcDrugDeal",2.26011849343533,0.626818599426867,3.60569787734741,0.00129554090992341,"srcDrugDeal",NA,NA,NA,NA,"edFhigh school grad"
"edFless than high school7",10.7014227233507,2.86972574584399,39.906408641905,"srcDrugDeal",2.37037669742795,0.671522661407837,3.52985362021662,0.00157220546456389,"srcDrugDeal",NA,NA,NA,NA,"edFless than high school"
"edFsome col/assoc dg7",5.95172638655156,1.79944087627281,19.6855853656865,"srcDrugDeal",1.78368132647272,0.610320058711649,2.92253433426057,0.00709726447127586,"srcDrugDeal",NA,NA,NA,NA,"edFsome col/assoc dg"
"raceBlack7",0.985879393343021,0.256017982868656,3.79644495018556,"srcDrugDeal",-0.0142212509858215,0.687913834661393,-0.0206730120391045,0.983664335125316,"srcDrugDeal",NA,NA,NA,NA,"raceBlack"
"racehispanic7",1.62540777316493,0.404605875722934,6.52968873559846,"srcDrugDeal",0.485758721634462,0.709503115698251,0.68464635445104,0.49962529474237,"srcDrugDeal",NA,NA,NA,NA,"racehispanic"
"racemore than one7",2.03061954508125,0.363489860040488,11.3439635878885,"srcDrugDeal",0.708340941112597,0.877743077132804,0.807002595140291,0.426986049952854,"srcDrugDeal",NA,NA,NA,NA,"racemore than one"
"raceNative Am/AK/pac isl7",1.41887553113387,0.217856295526849,9.24098965321066,"srcDrugDeal",0.349864678427798,0.95602996871189,0.365955764858699,0.717358940167242,"srcDrugDeal",NA,NA,NA,NA,"raceNative Am/AK/pac isl"
"raceNHW7",1.87573751929323,0.522137202705784,6.73844197090642,"srcDrugDeal",0.629001925706108,0.6524746480021,0.964025081483447,0.343914715258929,"srcDrugDeal",NA,NA,NA,NA,"raceNHW"
"age22-297",1.06380352466704,0.626379152109168,1.80669796445714,"srcDrugDeal",0.0618507166003823,0.270234625590616,0.228877837046986,0.82075463431688,"srcDrugDeal",NA,NA,NA,NA,"age22-29"
"age30-497",0.935096680745873,0.553497956234151,1.57978144723635,"srcDrugDeal",-0.0671053531718104,0.267551786790648,-0.250812577171531,0.803930545074244,"srcDrugDeal",NA,NA,NA,NA,"age30-49"
"age50+7",0.644246187854829,0.217970685459562,1.90416958909128,"srcDrugDeal",-0.439674346650205,0.552928705579297,-0.79517366744337,0.433712014795283,"srcDrugDeal",NA,NA,NA,NA,"age50+"
"hasInsuranceinsured7",0.88575977988139,0.472377876809858,1.66089570695821,"srcDrugDeal",-0.121309493941157,0.320754125203883,-0.378200884755725,0.708351734742041,"srcDrugDeal",NA,NA,NA,NA,"hasInsuranceinsured"
"marStatmarried7",0.487896676684852,0.253259057584501,0.939919659302602,"srcDrugDeal",-0.717651623651361,0.334542242931805,-2.14517490336086,0.0414524700435316,"srcDrugDeal",NA,NA,NA,NA,"marStatmarried"
"metro7",0.568605982613361,0.331367533463516,0.975692338004209,"srcDrugDeal",-0.564567558165013,0.275494648220977,-2.04928684390329,0.0506497943468093,"srcDrugDeal",NA,NA,NA,NA,"metro"
"incomeF20k-49k7",0.93482254868263,0.5148528239359,1.69736506608788,"srcDrugDeal",-0.0673985552105861,0.304329899641276,-0.221465440267391,0.826460225984297,"srcDrugDeal",NA,NA,NA,NA,"incomeF20k-49k"
"incomeF50k-74k7",0.957831294769461,0.453326587749607,2.02379656087255,"srcDrugDeal",-0.0430836180122209,0.381669692342988,-0.112881947077694,0.910991217040071,"srcDrugDeal",NA,NA,NA,NA,"incomeF50k-74k"
"incomeF75k+7",0.653568716644194,0.30497309859835,1.40062211827574,"srcDrugDeal",-0.425307599733299,0.388896997016579,-1.09362531209046,0.284148520851879,"srcDrugDeal",NA,NA,NA,NA,"incomeF75k+"
"healthFair/Poor7",0.860443553622195,0.41075730344773,1.80243443696724,"srcDrugDeal",-0.150307262667264,0.377275033942899,-0.398402356753914,0.693586521497158,"srcDrugDeal",NA,NA,NA,NA,"healthFair/Poor"
"healthGood7",0.853200292806829,0.429253465859842,1.69585291102424,"srcDrugDeal",-0.158760949198375,0.350489479008395,-0.452969229340469,0.654328423997634,"srcDrugDeal",NA,NA,NA,NA,"healthGood"
"healthVery Good7",0.947345692373283,0.464346363686045,1.93274661124516,"srcDrugDeal",-0.0540912129418301,0.363799194500411,-0.148684257028417,0.882949997366509,"srcDrugDeal",NA,NA,NA,NA,"healthVery Good"
"(Intercept)8",0.0337650259846872,0.00596130343052913,0.191246258982226,"srcBoughtFrRel",-3.388329746381,0.88477971672724,-3.82957439272487,0.000728018822216234,"srcBoughtFrRel",NA,NA,NA,NA,"(Intercept)"
"sexMen8",1.08321558233725,0.721937787952935,1.62528685628897,"srcBoughtFrRel",0.0799340085388495,0.207019272706727,0.386118681095396,0.702550406769745,"srcBoughtFrRel",0.149087635890848,0.702550406769745,1,26,"sexMen"
"employmentemployed part time8",1.0653934326868,0.590351580411358,1.92269014613505,"srcBoughtFrRel",0.0633441513056827,0.30122041859948,0.210291691380685,0.835079331883466,"srcBoughtFrRel",NA,NA,NA,NA,"employmentemployed part time"
"employmentother8",1.29396039367683,0.790321924414178,2.11854618818198,"srcBoughtFrRel",0.257707587941686,0.251546716724631,1.02449195639393,0.315040974064255,"srcBoughtFrRel",NA,NA,NA,NA,"employmentother"
"employmentunemployed8",2.03863218706134,1.08210163404196,3.84069394535387,"srcBoughtFrRel",0.712279086434234,0.323155927236572,2.20413437106105,0.0365690611325912,"srcBoughtFrRel",NA,NA,NA,NA,"employmentunemployed"
"edFhigh school grad8",0.981180101159463,0.509743059411314,1.88862677605283,"srcBoughtFrRel",-0.0189992469099866,0.334112893679383,-0.056864752212222,0.955087695749985,"srcBoughtFrRel",NA,NA,NA,NA,"edFhigh school grad"
"edFless than high school8",0.827040915868686,0.346551386352034,1.9737236769444,"srcBoughtFrRel",-0.189901110129471,0.443795430384957,-0.42790235574248,0.672245840311018,"srcBoughtFrRel",NA,NA,NA,NA,"edFless than high school"
"edFsome col/assoc dg8",1.69823308900176,0.88706582640633,3.25116303517639,"srcBoughtFrRel",0.529588351142894,0.331345087605254,1.59829848382667,0.122060088589984,"srcBoughtFrRel",NA,NA,NA,NA,"edFsome col/assoc dg"
"raceBlack8",1.90845841289674,0.244210722850499,14.9142243683789,"srcBoughtFrRel",0.646295802500309,1.04900887305623,0.61610136873043,0.543184395847969,"srcBoughtFrRel",NA,NA,NA,NA,"raceBlack"
"racehispanic8",1.96544742600997,0.422127834639225,9.15121739771257,"srcBoughtFrRel",0.675719917117031,0.784793503545665,0.861016196061966,0.397100179198201,"srcBoughtFrRel",NA,NA,NA,NA,"racehispanic"
"racemore than one8",1.1329694869109,0.127501769408731,10.067467018095,"srcBoughtFrRel",0.124842050448355,1.11454450410496,0.112011723164532,0.911674413484383,"srcBoughtFrRel",NA,NA,NA,NA,"racemore than one"
"raceNative Am/AK/pac isl8",5.05179267679387,0.609744258695129,41.8546118071256,"srcBoughtFrRel",1.61974316579856,1.07882534589499,1.50139517203763,0.145301516820424,"srcBoughtFrRel",NA,NA,NA,NA,"raceNative Am/AK/pac isl"
"raceNHW8",3.1207716994974,0.459023350201885,21.2172561506958,"srcBoughtFrRel",1.1380803108205,0.97794373991331,1.16374824478286,0.255094811139057,"srcBoughtFrRel",NA,NA,NA,NA,"raceNHW"
"age22-298",1.20358678248171,0.686173555964768,2.11115851138842,"srcBoughtFrRel",0.185306084059841,0.286704640857533,0.646330954063356,0.523729770503734,"srcBoughtFrRel",NA,NA,NA,NA,"age22-29"
"age30-498",0.805742767821434,0.419448697314117,1.54779693453275,"srcBoughtFrRel",-0.215990734037161,0.333079243550864,-0.648466508253546,0.522369838788968,"srcBoughtFrRel",NA,NA,NA,NA,"age30-49"
"age50+8",1.47197937084926,0.604157784554087,3.58635330637177,"srcBoughtFrRel",0.386608005839775,0.454359312375813,0.850886061558261,0.402601317025597,"srcBoughtFrRel",NA,NA,NA,NA,"age50+"
"hasInsuranceinsured8",0.55637866126842,0.314576505522002,0.984044292186302,"srcBoughtFrRel",-0.586306171090966,0.290934836063491,-2.01524911565769,0.0543260994058611,"srcBoughtFrRel",NA,NA,NA,NA,"hasInsuranceinsured"
"marStatmarried8",0.415977901886242,0.210264526538229,0.822952010529554,"srcBoughtFrRel",-0.877123140597579,0.348101166939982,-2.51973628329953,0.0182236646200147,"srcBoughtFrRel",NA,NA,NA,NA,"marStatmarried"
"metro8",0.731201096669344,0.418827139501376,1.27655300563132,"srcBoughtFrRel",-0.313066759022008,0.284306367079625,-1.10115985877421,0.28091733336926,"srcBoughtFrRel",NA,NA,NA,NA,"metro"
"incomeF20k-49k8",0.941213274375154,0.497073998713967,1.78219426111999,"srcBoughtFrRel",-0.0605855185573762,0.32573601335257,-0.185995763667064,0.853891612552726,"srcBoughtFrRel",NA,NA,NA,NA,"incomeF20k-49k"
"incomeF50k-74k8",0.949251292533772,0.521190384895495,1.7288845736433,"srcBoughtFrRel",-0.0520817182343107,0.305902643318851,-0.17025586202609,0.866126845880298,"srcBoughtFrRel",NA,NA,NA,NA,"incomeF50k-74k"
"incomeF75k+8",1.08502821934787,0.53494587839127,2.2007576548148,"srcBoughtFrRel",0.0816059952697557,0.360820759940917,0.226167683043288,0.822839592292346,"srcBoughtFrRel",NA,NA,NA,NA,"incomeF75k+"
"healthFair/Poor8",3.33874636222707,1.7043404450236,6.54049330568471,"srcBoughtFrRel",1.2055953958801,0.343076301938252,3.51407365961724,0.00163661064244281,"srcBoughtFrRel",NA,NA,NA,NA,"healthFair/Poor"
"healthGood8",1.80328781004842,0.950983148050934,3.41945799200963,"srcBoughtFrRel",0.589611559905892,0.326470538126073,1.80601766790424,0.0825063401224441,"srcBoughtFrRel",NA,NA,NA,NA,"healthGood"
"healthVery Good8",2.06242005881431,1.11450575987286,3.8165585608861,"srcBoughtFrRel",0.723880079112778,0.314020585079261,2.30519944713199,0.0293919642109109,"srcBoughtFrRel",NA,NA,NA,NA,"healthVery Good"
"(Intercept)9",8.41969017419368e-08,2.0723149836634e-08,3.42086908545599e-07,"srcTookFrRel",-16.2901077127892,0.715271663272986,-22.7747142089313,1.0589150097438e-18,"srcTookFrRel",NA,NA,NA,NA,"(Intercept)"
"sexMen9",0.685464972335534,0.420928864899018,1.11625090954899,"srcTookFrRel",-0.377657879264113,0.248797197879282,-1.51793461696202,0.141097642561569,"srcTookFrRel",2.30412550137164,0.141097642561569,1,26,"sexMen"
"employmentemployed part time9",0.975948579440505,0.432048441499421,2.20455749454015,"srcTookFrRel",-0.0243453789564304,0.41575875444403,-0.0585565034919976,0.953753097163273,"srcTookFrRel",NA,NA,NA,NA,"employmentemployed part time"
"employmentother9",1.58974167861701,0.86520498265145,2.92101716403331,"srcTookFrRel",0.463571536754454,0.310393643716822,1.49349558580968,0.147344907628999,"srcTookFrRel",NA,NA,NA,NA,"employmentother"
"employmentunemployed9",2.32638346771885,1.13084949330034,4.78583584370781,"srcTookFrRel",0.844314901952365,0.368040327969493,2.29408257135982,0.0301134536285583,"srcTookFrRel",NA,NA,NA,NA,"employmentunemployed"
"edFhigh school grad9",0.411281613494046,0.180150927597594,0.938949179191042,"srcTookFrRel",-0.88847710813899,0.421172629264874,-2.10953192682478,0.0446807660843804,"srcTookFrRel",NA,NA,NA,NA,"edFhigh school grad"
"edFless than high school9",0.278391229165315,0.092191623637744,0.840658548120474,"srcTookFrRel",-1.27872785545308,0.563866558634225,-2.26778452432143,0.0318847203286277,"srcTookFrRel",NA,NA,NA,NA,"edFless than high school"
"edFsome col/assoc dg9",0.395475575024272,0.160932746818857,0.971840309274163,"srcTookFrRel",-0.927666250889393,0.458734180368759,-2.02223049990231,0.0535533963309851,"srcTookFrRel",NA,NA,NA,NA,"edFsome col/assoc dg"
"raceBlack9",1794235.63337379,640202.643262411,5028535.17077512,"srcTookFrRel",14.4000896582232,0.525800285635564,27.3869947423422,1.05498878137466e-20,"srcTookFrRel",NA,NA,NA,NA,"raceBlack"
"racehispanic9",4233428.56788944,2010273.73468618,8915162.71152005,"srcTookFrRel",15.2585227588595,0.379977034047648,40.1564341831937,6.31272201327877e-25,"srcTookFrRel",NA,NA,NA,NA,"racehispanic"
"racemore than one9",3289097.27127706,1127143.94289938,9597852.10049964,"srcTookFrRel",15.0061236994609,0.546400954741937,27.463575180882,9.83408050355376e-21,"srcTookFrRel",NA,NA,NA,NA,"racemore than one"
"raceNative Am/AK/pac isl9",4277259.31352717,847588.095781148,21584714.7054302,"srcTookFrRel",15.2688230151413,0.825868723736927,18.4881962184647,1.76408959861267e-16,"srcTookFrRel",NA,NA,NA,NA,"raceNative Am/AK/pac isl"
"raceNHW9",2185475.65597734,1270956.95619006,3758037.45328044,"srcTookFrRel",14.5973440543433,0.276568026309866,52.7803023694013,5.62453709992104e-28,"srcTookFrRel",NA,NA,NA,NA,"raceNHW"
"age22-299",0.615213925635789,0.300059789483037,1.26137585761918,"srcTookFrRel",-0.48578522509795,0.366327292986942,-1.32609618338011,0.196340361266897,"srcTookFrRel",NA,NA,NA,NA,"age22-29"
"age30-499",0.402335173639072,0.197305397186357,0.820421510285858,"srcTookFrRel",-0.910469772480975,0.363543791742986,-2.50442943370258,0.018867325500403,"srcTookFrRel",NA,NA,NA,NA,"age30-49"
"age50+9",0.0726163417842603,0.0139692013369747,0.377482789955299,"srcTookFrRel",-2.622565289034,0.841002692488832,-3.11837918291662,0.00440708756498286,"srcTookFrRel",NA,NA,NA,NA,"age50+"
"hasInsuranceinsured9",0.709785616941802,0.385763380810257,1.3059705692108,"srcTookFrRel",-0.342792302511535,0.311096939974794,-1.10188259177126,0.280608782780735,"srcTookFrRel",NA,NA,NA,NA,"hasInsuranceinsured"
"marStatmarried9",1.15321483457653,0.555029532467521,2.39609674241108,"srcTookFrRel",0.142553550536112,0.373112726204469,0.382065634657531,0.705517788221521,"srcTookFrRel",NA,NA,NA,NA,"marStatmarried"
"metro9",1.06526578587615,0.563162214653627,2.01503432764269,"srcTookFrRel",0.0632243322283842,0.325216128512533,0.194407124017983,0.847368152175102,"srcTookFrRel",NA,NA,NA,NA,"metro"
"incomeF20k-49k9",0.589879547393666,0.310677450580489,1.11999721828286,"srcTookFrRel",-0.527836919885128,0.327130052679763,-1.61353845530616,0.118700652558157,"srcTookFrRel",NA,NA,NA,NA,"incomeF20k-49k"
"incomeF50k-74k9",0.780971483244103,0.389368185392899,1.56642602174866,"srcTookFrRel",-0.247216642940822,0.355115325353664,-0.696158755453925,0.492506312763006,"srcTookFrRel",NA,NA,NA,NA,"incomeF50k-74k"
"incomeF75k+9",0.737169851905589,0.361958403889831,1.5013310499731,"srcTookFrRel",-0.304936949430211,0.362909235231176,-0.840256791029206,0.408425237464748,"srcTookFrRel",NA,NA,NA,NA,"incomeF75k+"
"healthFair/Poor9",0.771080735258443,0.21676145884487,2.74294841645357,"srcTookFrRel",-0.259962195909544,0.647458633003469,-0.401511668326386,0.69132465121383,"srcTookFrRel",NA,NA,NA,NA,"healthFair/Poor"
"healthGood9",1.6453199993286,0.661821971679475,4.09034153598897,"srcTookFrRel",0.497934893766362,0.464648118596669,1.07163867416536,0.293729388614218,"srcTookFrRel",NA,NA,NA,NA,"healthGood"
"healthVery Good9",1.03257212661386,0.412210293483348,2.58655645799136,"srcTookFrRel",0.0320528996978229,0.468516026681157,0.0684136675641111,0.945979776602896,"srcTookFrRel",NA,NA,NA,NA,"healthVery Good"
"(Intercept)10",0.293402882137341,0.0882721001900739,0.975226046068164,"gotFrRel",-1.22620859008585,0.612828912585038,-2.00089872541008,0.0559453754392207,"gotFrRel",NA,NA,NA,NA,"(Intercept)"
"sexMen10",1.13514350916441,0.85452270160326,1.50791872934506,"gotFrRel",0.126759082732963,0.14488597475933,0.874888566291677,0.389645104630715,"gotFrRel",0.765430003427905,0.389645104630715,1,26,"sexMen"
"employmentemployed part time10",1.32807027172456,0.930434147554325,1.89564264303356,"gotFrRel",0.283726965109512,0.181549734767021,1.56280572634057,0.130189412753597,"gotFrRel",NA,NA,NA,NA,"employmentemployed part time"
"employmentother10",0.696497403148086,0.523832594967307,0.926075691456931,"gotFrRel",-0.361691214199829,0.145355684596645,-2.48831832895635,0.019567477373577,"gotFrRel",NA,NA,NA,NA,"employmentother"
"employmentunemployed10",0.884407274114987,0.618717627273629,1.26418933618256,"gotFrRel",-0.122837605117489,0.182283288737102,-0.673882976155051,0.506333089684978,"gotFrRel",NA,NA,NA,NA,"employmentunemployed"
"edFhigh school grad10",1.08299741466571,0.775898792661404,1.51164483211724,"gotFrRel",0.0797325808190617,0.170138723253116,0.46863276798218,0.64323759246142,"gotFrRel",NA,NA,NA,NA,"edFhigh school grad"
"edFless than high school10",0.844828538452905,0.536414958700623,1.33056554036706,"gotFrRel",-0.168621585288092,0.231752041897728,-0.727594820340372,0.473363364492875,"gotFrRel",NA,NA,NA,NA,"edFless than high school"
"edFsome col/assoc dg10",1.01203155989694,0.729928361619151,1.40316218971888,"gotFrRel",0.0119597560479273,0.166721757669506,0.0717348246270006,0.943361911865515,"gotFrRel",NA,NA,NA,NA,"edFsome col/assoc dg"
"raceBlack10",1.43193516304314,0.526524854975027,3.89428588562384,"gotFrRel",0.359026790308901,0.510460160897433,0.703339492111785,0.48809522983139,"gotFrRel",NA,NA,NA,NA,"raceBlack"
"racehispanic10",1.55591551021284,0.571544634530971,4.23566757285287,"gotFrRel",0.442064124932861,0.510966951925003,0.865152087170102,0.394868056390024,"gotFrRel",NA,NA,NA,NA,"racehispanic"
"racemore than one10",1.2229267592459,0.339568107596583,4.40427067507897,"gotFrRel",0.201246968767802,0.653750640063038,0.307834450071662,0.760660876217712,"gotFrRel",NA,NA,NA,NA,"racemore than one"
"raceNative Am/AK/pac isl10",1.11132529209624,0.240075061105177,5.14440733313703,"gotFrRel",0.105553259968065,0.781829116242884,0.135008095471433,0.893645239161762,"gotFrRel",NA,NA,NA,NA,"raceNative Am/AK/pac isl"
"raceNHW10",1.73818569536991,0.651483206742193,4.63755547391138,"gotFrRel",0.552841865422243,0.500695692476955,1.10414743671414,0.279643448889539,"gotFrRel",NA,NA,NA,NA,"raceNHW"
"age22-2910",1.4230447961428,1.06094260649553,1.90873330888106,"gotFrRel",0.35279879868447,0.149819607204836,2.35482394638853,0.0263594638194949,"gotFrRel",NA,NA,NA,NA,"age22-29"
"age30-4910",1.2774334807336,0.927474687896216,1.7594402510333,"gotFrRel",0.244852971864185,0.163341137867996,1.49902819987738,0.145911359400358,"gotFrRel",NA,NA,NA,NA,"age30-49"
"age50+10",0.712881217437122,0.467380894772025,1.08733505339904,"gotFrRel",-0.338440467906264,0.215396950493891,-1.57124075865625,0.128218183037783,"gotFrRel",NA,NA,NA,NA,"age50+"
"hasInsuranceinsured10",1.06155734232392,0.720262714687388,1.5645735480434,"gotFrRel",0.0597370207906167,0.197899694007125,0.301855043739816,0.765163900711346,"gotFrRel",NA,NA,NA,NA,"hasInsuranceinsured"
"marStatmarried10",1.34045368208647,0.971949222961305,1.84867278184006,"gotFrRel",0.293008125382607,0.164013136749566,1.78649180906774,0.0856871402938338,"gotFrRel",NA,NA,NA,NA,"marStatmarried"
"metro10",0.949287347508815,0.688053472965502,1.30970411973417,"gotFrRel",-0.0520437364157827,0.164209642553806,-0.316934715930154,0.753824059429193,"gotFrRel",NA,NA,NA,NA,"metro"
"incomeF20k-49k10",1.34760913316296,1.01484097488048,1.78949256162831,"gotFrRel",0.298332009881824,0.14469657957722,2.06177651713331,0.0493571526939389,"gotFrRel",NA,NA,NA,NA,"incomeF20k-49k"
"incomeF50k-74k10",1.23634183796241,0.829680844387449,1.84232425110982,"gotFrRel",0.212156888728391,0.203509385299505,1.04249191464148,0.306780659508348,"gotFrRel",NA,NA,NA,NA,"incomeF50k-74k"
"incomeF75k+10",1.25374281302815,0.91685299861134,1.71441991638844,"gotFrRel",0.226133327897242,0.159666941229399,1.41628145535993,0.168562977416196,"gotFrRel",NA,NA,NA,NA,"incomeF75k+"
"healthFair/Poor10",0.702618198096912,0.431787535438743,1.14332233281196,"gotFrRel",-0.352941638408536,0.248412722511828,-1.42078728834724,0.167261354816537,"gotFrRel",NA,NA,NA,NA,"healthFair/Poor"
"healthGood10",0.834467938922698,0.565978091535912,1.2303245505497,"gotFrRel",-0.18096095612375,0.198084738291348,-0.913553248396089,0.369345987511519,"gotFrRel",NA,NA,NA,NA,"healthGood"
"healthVery Good10",0.791739774907612,0.541948672793136,1.15666280339804,"gotFrRel",-0.23352250819353,0.19340226476961,-1.20744453779645,0.238130840506978,"gotFrRel",NA,NA,NA,NA,"healthVery Good"
"(Intercept)11",0.0683132307357049,0.01660177307188,0.281096330695791,"rsnPain",-2.68365181614808,0.72174487530108,-3.71828316069246,0.000970403822974833,"rsnPain",NA,NA,NA,NA,"(Intercept)"
"sexMen11",0.817553649937107,0.578426404838513,1.15553848326148,"rsnPain",-0.201438751529694,0.176536512334035,-1.14105999300892,0.264246403199198,"rsnPain",1.30201790764552,0.264246403199198,1,26,"sexMen"
"employmentemployed part time11",1.22270041237404,0.72065734391573,2.07448978497395,"rsnPain",0.201061865433051,0.269726064062868,0.745429872087509,0.462698050056867,"rsnPain",NA,NA,NA,NA,"employmentemployed part time"
"employmentother11",0.876795592636251,0.569679012958822,1.34948013491577,"rsnPain",-0.131481389447631,0.22000446226935,-0.597630557541417,0.555256469115385,"rsnPain",NA,NA,NA,NA,"employmentother"
"employmentunemployed11",1.07976414141099,0.598604347839183,1.94768147823449,"rsnPain",0.0767426297036718,0.300973413083186,0.254981424829245,0.800743586682743,"rsnPain",NA,NA,NA,NA,"employmentunemployed"
"edFhigh school grad11",0.792773005681966,0.479848522993705,1.30976549561301,"rsnPain",-0.232218345887667,0.256161062169585,-0.906532569473549,0.372979305899055,"rsnPain",NA,NA,NA,NA,"edFhigh school grad"
"edFless than high school11",0.621404799138932,0.336450172134737,1.14770018378311,"rsnPain",-0.475772558945624,0.313032618773215,-1.51988173248587,0.140609312693879,"rsnPain",NA,NA,NA,NA,"edFless than high school"
"edFsome col/assoc dg11",1.06309183867479,0.644709189157258,1.75298301383644,"rsnPain",0.0611814913708923,0.25517684442068,0.239761140983582,0.812395607055851,"rsnPain",NA,NA,NA,NA,"edFsome col/assoc dg"
"raceBlack11",1.86191968084608,0.72442307089692,4.78552525063804,"rsnPain",0.621608041966426,0.481635251774277,1.29061990308332,0.208194961569693,"rsnPain",NA,NA,NA,NA,"raceBlack"
"racehispanic11",0.686836912474548,0.183323865066513,2.5732871394917,"rsnPain",-0.375658405808201,0.673911633305289,-0.557429768597012,0.582001674338385,"rsnPain",NA,NA,NA,NA,"racehispanic"
"racemore than one11",3.11704582125259,0.739429155892117,13.1398316855196,"rsnPain",1.13688570111109,0.734075990115595,1.54873026283296,0.133534155174988,"rsnPain",NA,NA,NA,NA,"racemore than one"
"raceNative Am/AK/pac isl11",0.436133009066414,0.0810233837117854,2.34761858717161,"rsnPain",-0.829808015490389,0.858796118683168,-0.966245651835004,0.342823637824567,"rsnPain",NA,NA,NA,NA,"raceNative Am/AK/pac isl"
"raceNHW11",1.53007701095103,0.570376450087957,4.10454474247633,"rsnPain",0.425318068092554,0.503466784733066,0.844778803666372,0.405941100584943,"rsnPain",NA,NA,NA,NA,"raceNHW"
"age22-2911",1.42296459690323,0.866329108707393,2.33725061721764,"rsnPain",0.352742439601614,0.25318467736164,1.39322190930918,0.175350638265525,"rsnPain",NA,NA,NA,NA,"age22-29"
"age30-4911",1.73548225040099,0.993037127383756,3.03301715353985,"rsnPain",0.551285328898338,0.284838170410442,1.93543347123721,0.0638833976993888,"rsnPain",NA,NA,NA,NA,"age30-49"
"age50+11",1.39420691359854,0.725043114082655,2.68096183547005,"rsnPain",0.332325732886252,0.333603013238569,0.996171256548562,0.328348322362702,"rsnPain",NA,NA,NA,NA,"age50+"
"hasInsuranceinsured11",1.21343831208936,0.785259762783164,1.87508975632164,"rsnPain",0.193457910190584,0.222044191402012,0.871258594827766,0.391587114774938,"rsnPain",NA,NA,NA,NA,"hasInsuranceinsured"
"marStatmarried11",0.800160555079077,0.536711098993559,1.19292653925933,"rsnPain",-0.22294287760168,0.203754990138371,-1.0941713744055,0.283913450763626,"rsnPain",NA,NA,NA,NA,"marStatmarried"
"metro11",0.846839776829107,0.540692965393656,1.32633056747438,"rsnPain",-0.166243767715149,0.228912331393008,-0.726233343147135,0.474183367715129,"rsnPain",NA,NA,NA,NA,"metro"
"incomeF20k-49k11",1.48745684757441,0.891974290386433,2.48048390771159,"rsnPain",0.397067847982841,0.260915925634769,1.52182296660058,0.140123827974355,"rsnPain",NA,NA,NA,NA,"incomeF20k-49k"
"incomeF50k-74k11",0.941865877890465,0.491721460082019,1.80409317865933,"rsnPain",-0.0598923947015335,0.331613474163991,-0.180609050499303,0.858074890121303,"rsnPain",NA,NA,NA,NA,"incomeF50k-74k"
"incomeF75k+11",1.03011360732481,0.61214787779117,1.73346030018866,"rsnPain",0.0296690945327271,0.265540843565481,0.111730813739811,0.911894964980001,"rsnPain",NA,NA,NA,NA,"incomeF75k+"
"healthFair/Poor11",1.88028342756225,0.953993346857669,3.70596480532135,"rsnPain",0.631422524820432,0.346190599253064,1.82391586075064,0.079680200504889,"rsnPain",NA,NA,NA,NA,"healthFair/Poor"
"healthGood11",1.25934789261902,0.629480421070302,2.51947012418173,"rsnPain",0.230594041450005,0.353809853268684,0.651745674462298,0.520285394187338,"rsnPain",NA,NA,NA,NA,"healthGood"
"healthVery Good11",1.18893652471405,0.589453723544776,2.39810184130893,"rsnPain",0.173059230845454,0.357975095288551,0.48343930380396,0.632830328369167,"rsnPain",NA,NA,NA,NA,"healthVery Good"
"(Intercept)12",6.12361600549208e-09,8.77148937106681e-10,4.27506337822286e-08,"rsnEmot",-18.911113064335,0.991462732634253,-19.0739524965194,8.27271832653337e-17,"rsnEmot",NA,NA,NA,NA,"(Intercept)"
"sexMen12",0.543995406404693,0.240297242856083,1.23152058955018,"rsnEmot",-0.608814476270866,0.41687711623123,-1.46041711709878,0.156154985665471,"rsnEmot",2.13281815591511,0.156154985665471,1,26,"sexMen"
"employmentemployed part time12",1.1530526828999,0.51519057118836,2.58065765154807,"rsnEmot",0.142412932263804,0.41104394991072,0.346466435753978,0.73178051898522,"rsnEmot",NA,NA,NA,NA,"employmentemployed part time"
"employmentother12",0.353294819115236,0.0999124016863883,1.24926662863587,"rsnEmot",-1.04045238898939,0.644404224261602,-1.61459585430496,0.118470437175492,"rsnEmot",NA,NA,NA,NA,"employmentother"
"employmentunemployed12",0.796897867009864,0.34132300773373,1.86054322754673,"rsnEmot",-0.227028755191549,0.432608591170554,-0.524790214122317,0.604175410743465,"rsnEmot",NA,NA,NA,NA,"employmentunemployed"
"edFhigh school grad12",0.939349148115805,0.296727734605305,2.97369176912158,"rsnEmot",-0.0625680391561251,0.587955824217746,-0.106416224789285,0.916068962449882,"rsnEmot",NA,NA,NA,NA,"edFhigh school grad"
"edFless than high school12",0.12308022058202,0.0179680710422917,0.843092208554993,"rsnEmot",-2.09491893634579,0.981773137671524,-2.13381162710799,0.0424582484885938,"rsnEmot",NA,NA,NA,NA,"edFless than high school"
"edFsome col/assoc dg12",0.798906616554523,0.223443865148669,2.85643009956856,"rsnEmot",-0.224511215447422,0.6500547222925,-0.345372793625211,0.732592823735711,"rsnEmot",NA,NA,NA,NA,"edFsome col/assoc dg"
"raceBlack12",2376296.73422676,729734.944583245,7738133.15507547,"rsnEmot",14.6810538398094,0.602366773850104,24.3722835938868,1.96061060258898e-19,"rsnEmot",NA,NA,NA,NA,"raceBlack"
"racehispanic12",2624477.57487698,959426.83973502,7179163.90887552,"rsnEmot",14.7803924151064,0.513428348603957,28.7876437974164,3.00184756822052e-21,"rsnEmot",NA,NA,NA,NA,"racehispanic"
"racemore than one12",5613002.54066376,1627521.05156665,19358150.5389257,"rsnEmot",15.5405963465634,0.631658422520636,24.6028482997956,1.55000868318997e-19,"rsnEmot",NA,NA,NA,NA,"racemore than one"
"raceNative Am/AK/pac isl12",4089490.54592828,628295.203476279,26617954.1602503,"rsnEmot",15.2239309593629,0.955714273275449,15.9293749032198,6.26077816870245e-15,"rsnEmot",NA,NA,NA,NA,"raceNative Am/AK/pac isl"
"raceNHW12",3570849.00961261,1760381.57228109,7243294.77780704,"rsnEmot",15.0883139433003,0.360860098925625,41.8120872554826,2.24239779119645e-25,"rsnEmot",NA,NA,NA,NA,"raceNHW"
"age22-2912",0.407008750815712,0.192495339496722,0.860572124362459,"rsnEmot",-0.898920592994974,0.382028827501518,-2.35301769993104,0.0264646296014839,"rsnEmot",NA,NA,NA,NA,"age22-29"
"age30-4912",0.341495061534469,0.144990282709128,0.804322019885881,"rsnEmot",-1.07442206117551,0.437082773044867,-2.45816611277246,0.0209427169610093,"rsnEmot",NA,NA,NA,NA,"age30-49"
"age50+12",0.228699037530422,0.0173527775464911,3.01411400147393,"rsnEmot",-1.47534838639942,1.31566412965132,-1.12137159716471,0.272380225326162,"rsnEmot",NA,NA,NA,NA,"age50+"
"hasInsuranceinsured12",0.758286132693115,0.396853398006163,1.44889236661078,"rsnEmot",-0.276694480804832,0.330360080766671,-0.837554223145555,0.409914440122629,"rsnEmot",NA,NA,NA,NA,"hasInsuranceinsured"
"marStatmarried12",0.581313957576456,0.159215783054139,2.12243981589623,"rsnEmot",-0.542464293593788,0.660742027567762,-0.820992567387664,0.419114880515555,"rsnEmot",NA,NA,NA,NA,"marStatmarried"
"metro12",1.71694177579505,0.634156048125544,4.64852313588069,"rsnEmot",0.540544670912325,0.508175099598331,1.0636976729863,0.297245529699223,"rsnEmot",NA,NA,NA,NA,"metro"
"incomeF20k-49k12",2.67782754382129,1.25848951895977,5.69791026974552,"rsnEmot",0.985005847817222,0.385258936600454,2.55673718177434,0.0167508564064541,"rsnEmot",NA,NA,NA,NA,"incomeF20k-49k"
"incomeF50k-74k12",2.38633778907064,0.891228406538642,6.38961684991987,"rsnEmot",0.869759884934014,0.50251659139539,1.73080829534178,0.0953393296891449,"rsnEmot",NA,NA,NA,NA,"incomeF50k-74k"
"incomeF75k+12",3.5869619685884,1.45980035125036,8.8137368600297,"rsnEmot",1.27730559592589,0.458684915828234,2.78471245041816,0.00985929486534174,"rsnEmot",NA,NA,NA,NA,"incomeF75k+"
"healthFair/Poor12",2.59768918306519,0.435344225011204,15.5003528337609,"rsnEmot",0.954622274087939,0.911363947060387,1.04746547980868,0.304525262044916,"rsnEmot",NA,NA,NA,NA,"healthFair/Poor"
"healthGood12",2.25444916297135,0.544093185239989,9.34130617015611,"rsnEmot",0.812905669488082,0.725289051788563,1.12080234422877,0.272618069329138,"rsnEmot",NA,NA,NA,NA,"healthGood"
"healthVery Good12",1.64965253016133,0.57557293907194,4.72807751291367,"rsnEmot",0.500564677954755,0.537231298513905,0.931748912134165,0.360038246514869,"rsnEmot",NA,NA,NA,NA,"healthVery Good"
"(Intercept)13",0.00413185310443394,0.000393357565732027,0.0434012500683684,"rsnHigh",-5.48902927907451,1.19990074447947,-4.57456944195474,0.000103331220651315,"rsnHigh",NA,NA,NA,NA,"(Intercept)"
"sexMen13",2.12728584550425,1.40575795282449,3.21914954092224,"rsnHigh",0.754846916236304,0.211366277123704,3.57127412427538,0.00141466640992613,"rsnHigh",12.7539988707189,0.00141466640992613,1,26,"sexMen"
"employmentemployed part time13",0.985654682301735,0.542039240391047,1.7923336178437,"rsnHigh",-0.0144492065104402,0.305091154288532,-0.0473602931692188,0.962587993989465,"rsnHigh",NA,NA,NA,NA,"employmentemployed part time"
"employmentother13",1.45573092034943,0.80313410755821,2.63860355639024,"rsnHigh",0.375508125243178,0.303445216721825,1.23748243356696,0.22696778271341,"rsnHigh",NA,NA,NA,NA,"employmentother"
"employmentunemployed13",3.29545469465754,1.59671439145903,6.80148040415469,"rsnHigh",1.1925441537777,0.369698702077486,3.22571907089832,0.00337997697666693,"rsnHigh",NA,NA,NA,NA,"employmentunemployed"
"edFhigh school grad13",0.464820439647015,0.23149082010454,0.933333084292819,"rsnHigh",-0.766104099267134,0.35567539324689,-2.15394180708854,0.0406911440794803,"rsnHigh",NA,NA,NA,NA,"edFhigh school grad"
"edFless than high school13",0.324001064903179,0.137381845923665,0.764123449882333,"rsnHigh",-1.127008476457,0.437754246491995,-2.57452322961672,0.0160829341378046,"rsnHigh",NA,NA,NA,NA,"edFless than high school"
"edFsome col/assoc dg13",0.486405659063841,0.269142591292093,0.879052490479163,"rsnHigh",-0.720712313809372,0.301945164058394,-2.38689801857529,0.0245545424171386,"rsnHigh",NA,NA,NA,NA,"edFsome col/assoc dg"
"raceBlack13",4.53010785846123,0.445721807174852,46.0418962656716,"rsnHigh",1.51074574902634,1.18308603608092,1.27695341078559,0.212905620633039,"rsnHigh",NA,NA,NA,NA,"raceBlack"
"racehispanic13",10.043179508278,1.0160714076108,99.2700452743482,"rsnHigh",2.30689374822119,1.16887357957793,1.97360415063381,0.0591429574326366,"rsnHigh",NA,NA,NA,NA,"racehispanic"
"racemore than one13",15.0150884927693,1.27740877587645,176.492354446999,"rsnHigh",2.70905559504225,1.25727920627603,2.1546968895368,0.0406261621521012,"rsnHigh",NA,NA,NA,NA,"racemore than one"
"raceNative Am/AK/pac isl13",33.1274072162678,2.68713169731474,408.400194887764,"rsnHigh",3.50036095234578,1.28159835127395,2.7312464539817,0.0111821384485459,"rsnHigh",NA,NA,NA,NA,"raceNative Am/AK/pac isl"
"raceNHW13",27.3654745641716,3.66128222688909,204.537413866241,"rsnHigh",3.309282166458,1.02627842197529,3.22454618122884,0.00338984103294738,"rsnHigh",NA,NA,NA,NA,"raceNHW"
"age22-2913",0.766807299595974,0.417986969798019,1.40672670968141,"rsnHigh",-0.265519748299394,0.309590010919652,-0.857649597642554,0.398923054285729,"rsnHigh",NA,NA,NA,NA,"age22-29"
"age30-4913",0.436726186952001,0.229238871069408,0.832013181184644,"rsnHigh",-0.828448854746918,0.328853930130637,-2.51920010327326,0.01824586326261,"rsnHigh",NA,NA,NA,NA,"age30-49"
"age50+13",0.179179955580725,0.0583500173083151,0.550221884464388,"rsnHigh",-1.71936463971582,0.572424285728832,-3.0036542518923,0.00583346026309412,"rsnHigh",NA,NA,NA,NA,"age50+"
"hasInsuranceinsured13",0.798958560787987,0.356339218900262,1.79136830300759,"rsnHigh",-0.224446198405661,0.411959580736598,-0.544825776364621,0.59051648205161,"rsnHigh",NA,NA,NA,NA,"hasInsuranceinsured"
"marStatmarried13",1.06464628049409,0.546010631013406,2.07591507964992,"rsnHigh",0.0626426130022086,0.340699855189009,0.183864513142973,0.855546211683654,"rsnHigh",NA,NA,NA,NA,"marStatmarried"
"metro13",1.22586020492841,0.652604000986405,2.3026724319124,"rsnHigh",0.203642805668763,0.321652629662007,0.63311407055105,0.532188923500235,"rsnHigh",NA,NA,NA,NA,"metro"
"incomeF20k-49k13",1.27692422677326,0.621833623061368,2.62214106868834,"rsnHigh",0.244454238385635,0.367117433343086,0.6658747751627,0.511356202356924,"rsnHigh",NA,NA,NA,NA,"incomeF20k-49k"
"incomeF50k-74k13",1.84248638936529,0.83160078526291,4.08219443169847,"rsnHigh",0.611115958006735,0.405884364713238,1.50564054971296,0.144212886115754,"rsnHigh",NA,NA,NA,NA,"incomeF50k-74k"
"incomeF75k+13",1.08531390328242,0.532998560260958,2.20996144545195,"rsnHigh",0.0818692569308678,0.362815755064314,0.225649674216477,0.823238254743125,"rsnHigh",NA,NA,NA,NA,"incomeF75k+"
"healthFair/Poor13",0.823939051822039,0.331877898777951,2.04555821167113,"rsnHigh",-0.193658718043692,0.463952114225344,-0.417411004510761,0.679804588255399,"rsnHigh",NA,NA,NA,NA,"healthFair/Poor"
"healthGood13",0.797263657580557,0.36682833674479,1.73277055240405,"rsnHigh",-0.226569842375664,0.39607434187183,-0.572038676640614,0.572209015063418,"rsnHigh",NA,NA,NA,NA,"healthGood"
"healthVery Good13",1.03267306474388,0.518546728926184,2.05654302526577,"rsnHigh",0.0321506489922189,0.351473693653956,0.0914738416351377,0.927817225273198,"rsnHigh",NA,NA,NA,NA,"healthVery Good"
"(Intercept)14",0.00403300346082198,0.000314161672255713,0.0517730784860446,"rsnRelax",-5.51324390496532,1.30224786778392,-4.23363634631816,0.000253633855962774,"rsnRelax",NA,NA,NA,NA,"(Intercept)"
"sexMen14",0.82365265054984,0.454592117994645,1.49233491277948,"rsnRelax",-0.194006378540733,0.303244514793434,-0.639768797377548,0.527920583317921,"rsnRelax",0.409304114097915,0.527920583317921,1,26,"sexMen"
"employmentemployed part time14",0.862255395060008,0.447511536166172,1.66137474953052,"rsnRelax",-0.148203770229112,0.334623083587945,-0.442897628699192,0.661502909791023,"rsnRelax",NA,NA,NA,NA,"employmentemployed part time"
"employmentother14",1.22003252235958,0.453590522081466,3.28154862845161,"rsnRelax",0.198877516061645,0.504824550621965,0.39395373267132,0.696827702785533,"rsnRelax",NA,NA,NA,NA,"employmentother"
"employmentunemployed14",0.995721620731658,0.394270198907928,2.51467533873645,"rsnRelax",-0.0042875577215481,0.472677697285445,-0.00907078490517164,0.992831903145332,"rsnRelax",NA,NA,NA,NA,"employmentunemployed"
"edFhigh school grad14",0.420844828072342,0.171313495706687,1.03383781052765,"rsnRelax",-0.865491092642451,0.458564038502022,-1.88739416956839,0.0703187727758173,"rsnRelax",NA,NA,NA,NA,"edFhigh school grad"
"edFless than high school14",0.68826851310825,0.255109767444743,1.85690085832895,"rsnRelax",-0.373576236507893,0.506379268802063,-0.7377399896162,0.467279099611892,"rsnRelax",NA,NA,NA,NA,"edFless than high school"
"edFsome col/assoc dg14",1.18684852846229,0.582806265793256,2.41694283707784,"rsnRelax",0.171301498775737,0.362864806657144,0.47208077397705,0.640807315970265,"rsnRelax",NA,NA,NA,NA,"edFsome col/assoc dg"
"raceBlack14",1.90715737557575,0.209425389468197,17.3677569107031,"rsnRelax",0.645613848423411,1.12706233639456,0.572828873413261,0.57168169954395,"rsnRelax",NA,NA,NA,NA,"raceBlack"
"racehispanic14",1.2265751845917,0.13258522148871,11.3473180989803,"rsnRelax",0.20422588295316,1.13510021600551,0.179918812518461,0.858611231111313,"rsnRelax",NA,NA,NA,NA,"racehispanic"
"racemore than one14",0.745059547570284,0.0746476120650248,7.43645662693246,"rsnRelax",-0.294291134172237,1.17384075824664,-0.25070788529427,0.804010623541082,"rsnRelax",NA,NA,NA,NA,"racemore than one"
"raceNative Am/AK/pac isl14",1.1095962556709,0.0930461650185124,13.2321826520624,"rsnRelax",0.103996215527305,1.26464350672958,0.0822336215493985,0.935090752759691,"rsnRelax",NA,NA,NA,NA,"raceNative Am/AK/pac isl"
"raceNHW14",1.89596713732899,0.254943293205098,14.0999645083411,"rsnRelax",0.639729071050228,1.02371432588474,0.624909757414348,0.537476524757644,"rsnRelax",NA,NA,NA,NA,"raceNHW"
"age22-2914",1.19310138313695,0.650030638364298,2.18988279387152,"rsnRelax",0.176556121178929,0.30984850090482,0.56981434689324,0.573694670883632,"rsnRelax",NA,NA,NA,NA,"age22-29"
"age30-4914",0.592539210073114,0.258489844733937,1.35828436832967,"rsnRelax",-0.523338230823885,0.423253002038238,-1.23646667195193,0.227338711679502,"rsnRelax",NA,NA,NA,NA,"age30-49"
"age50+14",0.246954567470109,0.0659679942182858,0.924487080697742,"rsnRelax",-1.39855089664069,0.673499464496998,-2.07654344266658,0.0478666712008223,"rsnRelax",NA,NA,NA,NA,"age50+"
"hasInsuranceinsured14",1.91375834134469,0.839464234553438,4.36286721734448,"rsnRelax",0.649069026618894,0.420446722369762,1.54376046258739,0.134731809492991,"rsnRelax",NA,NA,NA,NA,"hasInsuranceinsured"
"marStatmarried14",1.11885063211175,0.550480456992999,2.27406208717195,"rsnRelax",0.112301937052578,0.361876935782282,0.310331844746643,0.758782644052652,"rsnRelax",NA,NA,NA,NA,"marStatmarried"
"metro14",2.84883216803806,1.08728262687248,7.46433771777746,"rsnRelax",1.04690914470301,0.491451665252582,2.130238269037,0.0427790150155119,"rsnRelax",NA,NA,NA,NA,"metro"
"incomeF20k-49k14",1.66093776184939,0.74878975265809,3.68423077231524,"rsnRelax",0.507382359639778,0.406476550005436,1.24824509466288,0.223065573947402,"rsnRelax",NA,NA,NA,NA,"incomeF20k-49k"
"incomeF50k-74k14",2.17443579021577,0.833433681420764,5.67312206258703,"rsnRelax",0.776769224091536,0.48927958778551,1.58757741684506,0.124470224402085,"rsnRelax",NA,NA,NA,NA,"incomeF50k-74k"
"incomeF75k+14",2.84641883044079,1.05473895322857,7.68161651135309,"rsnRelax",1.04606165343621,0.506523774240142,2.06517779941416,0.0490102419925566,"rsnRelax",NA,NA,NA,NA,"incomeF75k+"
"healthFair/Poor14",0.660731367215226,0.206161346652995,2.11759355819942,"rsnRelax",-0.414407925342606,0.594239620945417,-0.697375117268849,0.491757520631311,"rsnRelax",NA,NA,NA,NA,"healthFair/Poor"
"healthGood14",1.02847547269336,0.338309933924579,3.126605789139,"rsnRelax",0.0280775821778572,0.567291251435374,0.0494941215941804,0.960903785794296,"rsnRelax",NA,NA,NA,NA,"healthGood"
"healthVery Good14",1.29761467477718,0.440639103050499,3.82127648803816,"rsnRelax",0.260527713483669,0.551059519974712,0.472775996131279,0.640317791112247,"rsnRelax",NA,NA,NA,NA,"healthVery Good"
"(Intercept)15",6.508540149102e-10,2.5837660916347e-11,1.63950966806254e-08,"rsnExp",-21.152735746317,1.64617933903764,-12.8495937500242,9.06838420240269e-13,"rsnExp",NA,NA,NA,NA,"(Intercept)"
"sexMen15",2.8633106817024,0.794231530954132,10.3226171971565,"rsnExp",1.05197853636629,0.654276714279288,1.60784957405229,0.11994560595388,"rsnExp",2.58518025278013,0.11994560595388,1,26,"sexMen"
"employmentemployed part time15",2.22805442397369,0.601812299672879,8.24879537837144,"rsnExp",0.801128749043936,0.667837999179244,1.19958545340113,0.241118200968965,"rsnExp",NA,NA,NA,NA,"employmentemployed part time"
"employmentother15",0.139407348725286,0.0167532870670017,1.16003556799864,"rsnExp",-1.97035506522105,1.08104319704337,-1.82264230570057,0.079878508633005,"rsnExp",NA,NA,NA,NA,"employmentother"
"employmentunemployed15",1.33081690588077,0.21642910391347,8.18315838745123,"rsnExp",0.285792968628813,0.926693160040788,0.308400861204408,0.76023476020254,"rsnExp",NA,NA,NA,NA,"employmentunemployed"
"edFhigh school grad15",0.284680345774927,0.0288148861895401,2.81253581004776,"rsnExp",-1.25638832194267,1.1686310768568,-1.07509405390956,0.292208660181913,"rsnExp",NA,NA,NA,NA,"edFhigh school grad"
"edFless than high school15",1.19550847902683,0.177146366777676,8.06813342787204,"rsnExp",0.178571600343481,0.974176348435075,0.183305210222297,0.855980538954221,"rsnExp",NA,NA,NA,NA,"edFless than high school"
"edFsome col/assoc dg15",0.581463917226425,0.145051079807212,2.33090499902289,"rsnExp",-0.542206360150006,0.708412488629987,-0.765382272125933,0.450936327727495,"rsnExp",NA,NA,NA,NA,"edFsome col/assoc dg"
"raceBlack15",0.789092209521428,0.168822038386345,3.68830113105525,"rsnExp",-0.236872096116443,0.786768564233083,-0.301069598970745,0.765756039220442,"rsnExp",NA,NA,NA,NA,"raceBlack"
"racehispanic15",45888844.0484728,7888713.51323156,266936554.936755,"rsnExp",17.6417325964367,0.898378227161533,19.6373109488378,4.0695989876323e-17,"rsnExp",NA,NA,NA,NA,"racehispanic"
"racemore than one15",55600903.4816855,5536665.29740748,558361450.786501,"rsnExp",17.8337100087594,1.1769640061457,15.1522985542785,2.03408537369162e-14,"rsnExp",NA,NA,NA,NA,"racemore than one"
"raceNative Am/AK/pac isl15",3.87073554725279,0.370023343579469,40.4909418195898,"rsnExp",1.35344455287145,1.19779432477738,1.12994737483249,0.268815291131585,"rsnExp",NA,NA,NA,NA,"raceNative Am/AK/pac isl"
"raceNHW15",40235039.976026,9214129.71723775,175693037.926724,"rsnExp",17.5102488151253,0.752054692890722,23.283211953402,6.12015230818384e-19,"rsnExp",NA,NA,NA,NA,"raceNHW"
"age22-2915",0.661047932193118,0.184835762929946,2.36417650853864,"rsnExp",-0.413928927095188,0.650194952104316,-0.636622794064354,0.529936125180249,"rsnExp",NA,NA,NA,NA,"age22-29"
"age30-4915",6.97325711018934e-09,1.66881200411648e-09,2.91382819663683e-08,"rsnExp",-18.7811834171387,0.729590151954884,-25.7421010505911,4.99636390801214e-20,"rsnExp",NA,NA,NA,NA,"age30-49"
"age50+15",6.29683965851716e-09,1.48646233677837e-09,2.6674197323431e-08,"rsnExp",-18.8832179709183,0.736569065108543,-25.6367241925041,5.53705600703014e-20,"rsnExp",NA,NA,NA,NA,"age50+"
"hasInsuranceinsured15",2.58116080358912,0.439167620229613,15.1704970655658,"rsnExp",0.948239221619883,0.903645858559882,1.04934827359367,0.303674505878004,"rsnExp",NA,NA,NA,NA,"hasInsuranceinsured"
"marStatmarried15",1.53209859439197,0.362602956802237,6.47354374503369,"rsnExp",0.426638425900319,0.735261088221889,0.580254324259258,0.566738518450836,"rsnExp",NA,NA,NA,NA,"marStatmarried"
"metro15",2.38804684218489,0.292313274261801,19.5090959686003,"rsnExp",0.870475810993286,1.07165489892353,0.812272506632198,0.424010388961742,"rsnExp",NA,NA,NA,NA,"metro"
"incomeF20k-49k15",0.211958668471333,0.0463947193235857,0.968353247851231,"rsnExp",-1.55136398335819,0.775119166746415,-2.00145222813942,0.0558821387510252,"rsnExp",NA,NA,NA,NA,"incomeF20k-49k"
"incomeF50k-74k15",0.209498574616932,0.0414252302043869,1.0594908597968,"rsnExp",-1.56303834338089,0.826967652442731,-1.89008401811597,0.0699440854726795,"rsnExp",NA,NA,NA,NA,"incomeF50k-74k"
"incomeF75k+15",0.219587889859453,0.0502531038056802,0.959519665877371,"rsnExp",-1.51600271722688,0.752401707928544,-2.01488473677263,0.0543666979927935,"rsnExp",NA,NA,NA,NA,"incomeF75k+"
"healthFair/Poor15",0.319658980904713,0.0418211156296182,2.44330794467552,"rsnExp",-1.1405005361068,1.03769935995444,-1.09906643496134,0.281812437597896,"rsnExp",NA,NA,NA,NA,"healthFair/Poor"
"healthGood15",0.236313043636895,0.0550796815012727,1.0138739562545,"rsnExp",-1.44259789683368,0.743062883944559,-1.94142101295065,0.0631184997572581,"rsnExp",NA,NA,NA,NA,"healthGood"
"healthVery Good15",0.242033237943366,0.0584911076912084,1.00152126676437,"rsnExp",-1.41868021538326,0.724605317952724,-1.95786613792947,0.0610587400319212,"rsnExp",NA,NA,NA,NA,"healthVery Good"
"(Intercept)16",0.069656406200364,0.00199260981498566,2.43500503122083,"rsnSleep",-2.66418060595273,1.81336466217209,-1.46919186280023,0.153777659549298,"rsnSleep",NA,NA,NA,NA,"(Intercept)"
"sexMen16",1.65105673946163,0.726145399738813,3.75405305590613,"rsnSleep",0.501415531071654,0.419099813383465,1.1964107715144,0.242332836650829,"rsnSleep",1.43139873419569,0.242332836650829,1,26,"sexMen"
"employmentemployed part time16",1.10367461314059,0.300952064770256,4.04748062659386,"rsnSleep",0.0986451699380595,0.662996596038663,0.148786842236377,0.882869854754071,"rsnSleep",NA,NA,NA,NA,"employmentemployed part time"
"employmentother16",0.288120200963415,0.0787255781122205,1.05446351991047,"rsnSleep",-1.24437752146221,0.661955861104996,-1.87984969176794,0.0713790060113175,"rsnSleep",NA,NA,NA,NA,"employmentother"
"employmentunemployed16",0.667781933408791,0.127664667961386,3.49300019894355,"rsnSleep",-0.403793605733738,0.844176036684485,-0.478328675757776,0.636413957870969,"rsnSleep",NA,NA,NA,NA,"employmentunemployed"
"edFhigh school grad16",0.410697666918511,0.0627992923060246,2.6858992739975,"rsnSleep",-0.889897938779585,0.958136756908283,-0.928779667790962,0.361546392655453,"rsnSleep",NA,NA,NA,NA,"edFhigh school grad"
"edFless than high school16",0.486886225640801,0.0833890848375989,2.842796478465,"rsnSleep",-0.719724806107797,0.900278302683153,-0.799447019841263,0.431274722581618,"rsnSleep",NA,NA,NA,NA,"edFless than high school"
"edFsome col/assoc dg16",0.413810108901665,0.121247372971549,1.41230941365954,"rsnSleep",-0.882348084530554,0.626324943093693,-1.40877047012091,0.170750582296994,"rsnSleep",NA,NA,NA,NA,"edFsome col/assoc dg"
"raceBlack16",2.67186289330198,0.430248113153866,16.5924058754698,"rsnSleep",0.982775941970889,0.931736085836351,1.0547793059756,0.301229819190907,"rsnSleep",NA,NA,NA,NA,"raceBlack"
"racehispanic16",0.20510726742355,0.0253342906702806,1.66055531996033,"rsnSleep",-1.58422218096963,1.0670472896382,-1.48467851083413,0.149653016618766,"rsnSleep",NA,NA,NA,NA,"racehispanic"
"racemore than one16",0.0900240969112621,0.00667567412804312,1.21401043089321,"rsnSleep",-2.40767790103029,1.3273749958269,-1.81386413681117,0.0812569551156221,"rsnSleep",NA,NA,NA,NA,"racemore than one"
"raceNative Am/AK/pac isl16",0.856704355361501,0.0742527478732202,9.88437968313987,"rsnSleep",-0.154662396143305,1.24778726381607,-0.123949330649766,0.902308678428581,"rsnSleep",NA,NA,NA,NA,"raceNative Am/AK/pac isl"
"raceNHW16",0.616557700231061,0.115425046934773,3.29342207613773,"rsnSleep",-0.483603367519581,0.854878227181848,-0.565698542953661,0.576448757116179,"rsnSleep",NA,NA,NA,NA,"raceNHW"
"age22-2916",0.64401290422425,0.163600015781518,2.53516247431932,"rsnSleep",-0.440036515463239,0.699142562666926,-0.629394545491109,0.534582662751555,"rsnSleep",NA,NA,NA,NA,"age22-29"
"age30-4916",0.202805725185245,0.0379944361050961,1.08253119099184,"rsnSleep",-1.59550677696711,0.854509972890556,-1.86715992508546,0.0731935904856286,"rsnSleep",NA,NA,NA,NA,"age30-49"
"age50+16",0.258185781399113,0.026756948663113,2.49131164229378,"rsnSleep",-1.35407587025355,1.15659533741081,-1.17074297851211,0.252320966899608,"rsnSleep",NA,NA,NA,NA,"age50+"
"hasInsuranceinsured16",0.639222593944645,0.21518943870942,1.89881774430891,"rsnSleep",-0.447502537932234,0.555486733013186,-0.80560436701125,0.427777718618275,"rsnSleep",NA,NA,NA,NA,"hasInsuranceinsured"
"marStatmarried16",1.80137323481754,0.722633907086029,4.4904418396336,"rsnSleep",0.588549282267526,0.46602990009692,1.26290026057368,0.217834051589771,"rsnSleep",NA,NA,NA,NA,"marStatmarried"
"metro16",0.901864513486322,0.429030433419026,1.89580863577463,"rsnSleep",-0.103290976979595,0.379056171991002,-0.272495172515081,0.787393789398354,"rsnSleep",NA,NA,NA,NA,"metro"
"incomeF20k-49k16",3.06005499981413,0.73648700876738,12.7143269201169,"rsnSleep",1.11843288959823,0.726695277676571,1.53906723210607,0.135870867630441,"rsnSleep",NA,NA,NA,NA,"incomeF20k-49k"
"incomeF50k-74k16",1.70796275465698,0.315978718272883,9.23206723300959,"rsnSleep",0.535301288721694,0.860924852156677,0.621774696572792,0.539504396114257,"rsnSleep",NA,NA,NA,NA,"incomeF50k-74k"
"incomeF75k+16",1.99767784110057,0.527767162576617,7.5615101503116,"rsnSleep",0.69198542653528,0.679137733927448,1.01891765391025,0.317630166446005,"rsnSleep",NA,NA,NA,NA,"incomeF75k+"
"healthFair/Poor16",0.76479290146381,0.190956833375581,3.06303876006895,"rsnSleep",-0.268150198846846,0.707950601054579,-0.378769646423639,0.707934403237322,"rsnSleep",NA,NA,NA,NA,"healthFair/Poor"
"healthGood16",0.764959149420636,0.199803318893033,2.92869259391841,"rsnSleep",-0.267932846031551,0.684955931020792,-0.391168006432545,0.698860320748005,"rsnSleep",NA,NA,NA,NA,"healthGood"
"healthVery Good16",0.569603979432951,0.144040397105146,2.25248402466576,"rsnSleep",-0.562813932544746,0.701465721613419,-0.802339893744538,0.429629562821712,"rsnSleep",NA,NA,NA,NA,"healthVery Good"
