"","V1","X2.5..","X97.5..","variable"
"(Intercept)",0.553076387423842,0.470935477755487,0.649544374494185,"lifetime_use"
"sexWomen",1.27674679717151,1.20353605094691,1.35441093169183,"lifetime_use"
"employmentemployed part time",0.982459839694143,0.90553805406591,1.06591581908449,"lifetime_use"
"employmentunemployed",1.00571126324949,0.874813777834088,1.15619480471729,"lifetime_use"
"employmentother",0.896518343066373,0.825177034865399,0.974027518331967,"lifetime_use"
"edhigh school grad",1.29855345024722,1.13239238948676,1.48909607553369,"lifetime_use"
"edsome col/assoc dg",2.03086875590446,1.7991475112902,2.29243454348622,"lifetime_use"
"edcollege grad",2.09971905425478,1.86484110274438,2.36418003674006,"lifetime_use"
"raceBlack",0.473407610406228,0.429157336685973,0.522220515490165,"lifetime_use"
"raceNative Am/AK/pac isl",0.611897040701834,0.490194828900718,0.763814643372126,"lifetime_use"
"raceasian",0.188620956650807,0.161733345134726,0.21997854096339,"lifetime_use"
"racemore than one",0.931841191695241,0.766545600956676,1.13278062708377,"lifetime_use"
"racehispanic",0.37396134269395,0.339236978136844,0.412240100113877,"lifetime_use"
"age22-29",1.62892321528947,1.48641507690339,1.7850941386014,"lifetime_use"
"age30-49",2.48067165137528,2.29495970715638,2.68141171400428,"lifetime_use"
"age50+",2.27282356455063,2.05923085966139,2.50857106736739,"lifetime_use"
"hasInsurance",1.3249452361622,1.20872842867853,1.45233605595603,"lifetime_use"
"(Intercept)1",0.163299657495531,0.13185656583218,0.202240805907972,"lifetime_misuse"
"sexWomen1",0.766509052367832,0.695968856054834,0.844198877938786,"lifetime_misuse"
"employmentemployed part time1",1.00730822439126,0.878308342585025,1.1552547206143,"lifetime_misuse"
"employmentunemployed1",1.41763863187078,1.20411709646039,1.66902313444443,"lifetime_misuse"
"employmentother1",0.850943836878696,0.756197584017514,0.957561130617242,"lifetime_misuse"
"edhigh school grad1",1.12564798898824,0.929264982455177,1.3635329201425,"lifetime_misuse"
"edsome col/assoc dg1",1.38360414802832,1.17150660249403,1.63410127980983,"lifetime_misuse"
"edcollege grad1",1.14971795558478,0.978018614853519,1.35156055040121,"lifetime_misuse"
"raceBlack1",0.42027323183474,0.368117687733378,0.479818262698497,"lifetime_misuse"
"raceNative Am/AK/pac isl1",0.606333249383101,0.427771022987017,0.85943177436455,"lifetime_misuse"
"raceasian1",0.207017908160821,0.149508813732568,0.286648079329565,"lifetime_misuse"
"racemore than one1",1.03697690001659,0.74752722489231,1.43850425156479,"lifetime_misuse"
"racehispanic1",0.502155777932276,0.424598924859547,0.593879095181837,"lifetime_misuse"
"age22-291",1.5557451731775,1.40213802202009,1.72618030882442,"lifetime_misuse"
"age30-491",1.4233419182786,1.28122225028347,1.58122622041631,"lifetime_misuse"
"age50+1",0.65533140760293,0.567125553176534,0.757256045659358,"lifetime_misuse"
"hasInsurance1",0.835275628869476,0.731249531576251,0.954100270914905,"lifetime_misuse"
"(Intercept)2",1.65176447781058,1.37604953823545,1.98272359704105,"pastyr_use"
"sexWomen2",1.08057982605565,1.00137178234148,1.16605318930414,"pastyr_use"
"employmentemployed part time2",1.02664186038184,0.926778768721088,1.13726548887471,"pastyr_use"
"employmentunemployed2",1.42218064738986,1.19155433729254,1.69744486718583,"pastyr_use"
"employmentother2",1.54498934379653,1.39943448082346,1.70568333505708,"pastyr_use"
"edhigh school grad2",0.69956007239514,0.601081575397821,0.814172842622232,"pastyr_use"
"edsome col/assoc dg2",0.666846981721843,0.567052293411427,0.784204388551673,"pastyr_use"
"edcollege grad2",0.423287077724646,0.360338250305567,0.497232669628419,"pastyr_use"
"raceBlack2",1.80280557846596,1.55635020127645,2.08828832423602,"pastyr_use"
"raceNative Am/AK/pac isl2",2.05521939834267,1.52393450627798,2.77172461016084,"pastyr_use"
"raceasian2",1.2587729751626,1.07596603862776,1.47263886230139,"pastyr_use"
"racemore than one2",1.27152471143717,0.954006684738425,1.69472092560722,"pastyr_use"
"racehispanic2",1.40813453643009,1.24226893552932,1.59614622564986,"pastyr_use"
"age22-292",0.890712536344822,0.780360708435193,1.01666936049704,"pastyr_use"
"age30-492",0.845540682277395,0.762574419820197,0.937533474509536,"pastyr_use"
"age50+2",0.786641823688478,0.695858161050088,0.889269384786869,"pastyr_use"
"hasInsurance2",1.06244549681489,0.938074617512332,1.203305592785,"pastyr_use"
"(Intercept)3",0.298733083777829,0.224420823564602,0.397652294140708,"pastyr_misuse"
"sexWomen3",0.737753873726372,0.646859517553649,0.841420375565745,"pastyr_misuse"
"employmentemployed part time3",1.02680994954411,0.864942285159174,1.21896997126086,"pastyr_misuse"
"employmentunemployed3",1.77482008117681,1.45874931968511,2.15937466296705,"pastyr_misuse"
"employmentother3",1.03615268135516,0.88891070730341,1.20778428053409,"pastyr_misuse"
"edhigh school grad3",0.810780368448069,0.67587045512044,0.97261953216115,"pastyr_misuse"
"edsome col/assoc dg3",0.916384765353481,0.769957404611502,1.0906590847005,"pastyr_misuse"
"edcollege grad3",0.550938338170968,0.425750836621238,0.712935891977169,"pastyr_misuse"
"raceBlack3",0.866799059538596,0.713928749611919,1.05240279233105,"pastyr_misuse"
"raceNative Am/AK/pac isl3",0.95308774346645,0.681061640641429,1.33376509928008,"pastyr_misuse"
"raceasian3",0.763255464887237,0.491783551611523,1.18458395522023,"pastyr_misuse"
"racemore than one3",1.10495442414711,0.719682304161452,1.69647672644231,"pastyr_misuse"
"racehispanic3",0.985812625477891,0.782460106056109,1.24201416152701,"pastyr_misuse"
"age22-293",0.900161809201938,0.758305239859086,1.06855556331944,"pastyr_misuse"
"age30-493",0.549435196327549,0.467501299077629,0.645728761736265,"pastyr_misuse"
"age50+3",0.238615911686752,0.193551023786052,0.29417335127629,"pastyr_misuse"
"hasInsurance3",0.688513003280008,0.554743499952627,0.854539360490279,"pastyr_misuse"
"(Intercept)4",0.163999473077627,0.0825486810769851,0.325817769815804,"srcOneDoc"
"sexWomen4",1.13882055193754,0.846108383303306,1.53279683207016,"srcOneDoc"
"employmentemployed part time4",0.756949598566113,0.500921618300159,1.14383702726534,"srcOneDoc"
"employmentunemployed4",0.593535271372975,0.355681449979509,0.990448386847516,"srcOneDoc"
"employmentother4",1.21831065066723,0.834995183264928,1.77759210026279,"srcOneDoc"
"edhigh school grad4",1.15090229480705,0.726689804205714,1.82275309840067,"srcOneDoc"
"edsome col/assoc dg4",1.25065391011316,0.838979901194418,1.86432976601054,"srcOneDoc"
"edcollege grad4",1.71145424690807,1.0340046183277,2.83274908771383,"srcOneDoc"
"raceBlack4",1.61168151685807,1.08096057738405,2.40297136281137,"srcOneDoc"
"raceNative Am/AK/pac isl4",0.559791293092829,0.283630790692188,1.10483876259621,"srcOneDoc"
"raceasian4",1.38635569236861,0.615634541615622,3.12195300270017,"srcOneDoc"
"racemore than one4",1.90669903654047,0.965195603002452,3.76659529388171,"srcOneDoc"
"racehispanic4",1.041713127163,0.727832630207421,1.4909557421113,"srcOneDoc"
"age22-294",1.06408387486861,0.676407785886152,1.673952483075,"srcOneDoc"
"age30-494",1.49603039223001,0.903972170367855,2.47585822643758,"srcOneDoc"
"age50+4",2.22012200384607,1.18935259477174,4.14422243969414,"srcOneDoc"
"hasInsurance4",1.5044284933856,0.91997411763925,2.46018344246287,"srcOneDoc"
"(Intercept)5",0.0209090788648728,0.00266397260527791,0.164111889931338,"srcMultDocs"
"sexWomen5",1.68373302270205,0.521219913794571,5.43908015927175,"srcMultDocs"
"employmentemployed part time5",0.838481909901249,0.150536646518689,4.67030407206769,"srcMultDocs"
"employmentunemployed5",0.981418797598739,0.23151072832726,4.16042428460859,"srcMultDocs"
"employmentother5",0.764433446367121,0.175266001365964,3.3341235001108,"srcMultDocs"
"edhigh school grad5",0.432773484599232,0.0851787448539273,2.19882189263706,"srcMultDocs"
"edsome col/assoc dg5",0.606915235976717,0.120034270722634,3.06867448307177,"srcMultDocs"
"edcollege grad5",1.30397556759884,0.222400339370385,7.64545722236036,"srcMultDocs"
"raceBlack5",3.47287120233619,1.20862050576481,9.97900857257421,"srcMultDocs"
"raceNative Am/AK/pac isl5",2.17318617803556,0.190630714477798,24.7742772057587,"srcMultDocs"
"raceasian5",3.87424510490736,0.620343401604997,24.1959132539562,"srcMultDocs"
"racemore than one5",1.67964540857191,0.217924729366138,12.9457942049191,"srcMultDocs"
"racehispanic5",2.137661205395,0.424960646825939,10.7529849250312,"srcMultDocs"
"age22-295",0.0796074166227415,0.0206897892331328,0.306302819711574,"srcMultDocs"
"age30-495",0.245610365421278,0.0543311681413046,1.110310226452,"srcMultDocs"
"age50+5",0.922490563518592,0.337280408966135,2.52309003772079,"srcMultDocs"
"hasInsurance5",1.19093550448671,0.354493121586931,4.00100111815346,"srcMultDocs"
"(Intercept)6",0.207323124804779,0.0760814807421938,0.564958484765401,"srcDrugDeal"
"sexWomen6",0.650754950350257,0.407506914232697,1.03920201256646,"srcDrugDeal"
"employmentemployed part time6",1.01840599538999,0.511890288706776,2.02611925705115,"srcDrugDeal"
"employmentunemployed6",1.44115705598256,0.787180567018293,2.63844630702127,"srcDrugDeal"
"employmentother6",0.970684156953148,0.48540125365411,1.94113164205229,"srcDrugDeal"
"edhigh school grad6",0.832253213835538,0.547314271876826,1.26553508200032,"srcDrugDeal"
"edsome col/assoc dg6",0.491325231339888,0.243395689941238,0.991802619879896,"srcDrugDeal"
"edcollege grad6",0.0691278943131349,0.0199211482106534,0.239879033157959,"srcDrugDeal"
"raceBlack6",0.527351509075202,0.265369364916611,1.04797181170962,"srcDrugDeal"
"raceNative Am/AK/pac isl6",1.07437949548398,0.251489529470999,4.58981852144867,"srcDrugDeal"
"raceasian6",0.455028609350746,0.124878879510015,1.65801483917918,"srcDrugDeal"
"racemore than one6",1.22256019757464,0.391313865902435,3.81957698648584,"srcDrugDeal"
"racehispanic6",0.765822017230438,0.418522152412967,1.40131975976316,"srcDrugDeal"
"age22-296",1.02610983537248,0.605760112563723,1.73814909963618,"srcDrugDeal"
"age30-496",0.770550829490755,0.448090987952776,1.32506253594073,"srcDrugDeal"
"age50+6",0.471568486846234,0.149245134478736,1.49001063628061,"srcDrugDeal"
"hasInsurance6",0.816411745770149,0.434391030027288,1.53439664393989,"srcDrugDeal"
"(Intercept)7",0.145186223374425,0.0538707811221942,0.391288914298741,"srcBoughtFrRel"
"sexWomen7",0.956714625042507,0.643544794997924,1.42228308096747,"srcBoughtFrRel"
"employmentemployed part time7",1.09154519873935,0.598776241457061,1.98984334781152,"srcBoughtFrRel"
"employmentunemployed7",2.47373472035473,1.21986391721855,5.01643124311886,"srcBoughtFrRel"
"employmentother7",1.57321047894046,0.971444224335963,2.54774401766594,"srcBoughtFrRel"
"edhigh school grad7",1.00056824438065,0.511142241542353,1.95862664107367,"srcBoughtFrRel"
"edsome col/assoc dg7",1.63576065303176,0.818248560873095,3.27004903149701,"srcBoughtFrRel"
"edcollege grad7",0.87927633069423,0.384769451135517,2.00932496963438,"srcBoughtFrRel"
"raceBlack7",0.637592249365093,0.364783673934747,1.11442453568566,"srcBoughtFrRel"
"raceNative Am/AK/pac isl7",2.10572424644852,0.6692314803379,6.625621675541,"srcBoughtFrRel"
"raceasian7",0.289837088637926,0.0414578266403793,2.02628899673889,"srcBoughtFrRel"
"racemore than one7",0.412842368375707,0.139784535031272,1.21929669178305,"srcBoughtFrRel"
"racehispanic7",0.630628269184396,0.333032511666221,1.19415372362531,"srcBoughtFrRel"
"age22-297",1.1509422380094,0.678175505354626,1.95328204096872,"srcBoughtFrRel"
"age30-497",0.683430995750819,0.365470240148275,1.27801904134098,"srcBoughtFrRel"
"age50+7",1.13681070272263,0.508441063100237,2.54176672109181,"srcBoughtFrRel"
"hasInsurance7",0.568540501466577,0.326618522868261,0.989650859263245,"srcBoughtFrRel"
"(Intercept)8",0.0324010795269544,0.00891079363161652,0.117815538987134,"srcTookFrRel"
"sexWomen8",1.52632998073731,0.939028555559065,2.48095033564825,"srcTookFrRel"
"employmentemployed part time8",0.991033326477185,0.437208563817493,2.24640397162581,"srcTookFrRel"
"employmentunemployed8",2.40672825384882,1.16019137996276,4.99257362872332,"srcTookFrRel"
"employmentother8",1.64354764266705,0.894015786200686,3.02147780320072,"srcTookFrRel"
"edhigh school grad8",1.48821318924455,0.608576525219628,3.63927691072564,"srcTookFrRel"
"edsome col/assoc dg8",1.49289729232465,0.574006476210938,3.88278254305138,"srcTookFrRel"
"edcollege grad8",3.65943014457996,1.33617668207413,10.022199281515,"srcTookFrRel"
"raceBlack8",0.877280539372069,0.344513985960631,2.23393294938364,"srcTookFrRel"
"raceNative Am/AK/pac isl8",1.88559442585523,0.356024602468594,9.986574843883,"srcTookFrRel"
"raceasian8",4.42948511012923e-07,2.6544942286959e-07,7.39136598179597e-07,"srcTookFrRel"
"racemore than one8",1.49135786874828,0.595925694106324,3.7322577540692,"srcTookFrRel"
"racehispanic8",1.91001443180788,1.07818966161982,3.38359312797857,"srcTookFrRel"
"age22-298",0.597824557978592,0.2976982160729,1.20052517222603,"srcTookFrRel"
"age30-498",0.394967670273655,0.206203639125738,0.756531073955849,"srcTookFrRel"
"age50+8",0.065049173561633,0.0126509654326213,0.334472100456504,"srcTookFrRel"
"hasInsurance8",0.723576059059216,0.385516038767956,1.35808179321639,"srcTookFrRel"
"(Intercept)9",0.46549915756808,0.263051659718311,0.823752512828216,"gotFrRel"
"sexWomen9",0.875808648928473,0.656439467344694,1.16848670394638,"gotFrRel"
"employmentemployed part time9",1.29067581589147,0.888583331929708,1.87471900706201,"gotFrRel"
"employmentunemployed9",0.791657387846903,0.549223202157367,1.14110514135382,"gotFrRel"
"employmentother9",0.625682416825342,0.4775908807902,0.819694224639882,"gotFrRel"
"edhigh school grad9",1.32841645492977,0.906984806971654,1.94566685589843,"gotFrRel"
"edsome col/assoc dg9",1.27001508176903,0.853123256945674,1.89062752045395,"gotFrRel"
"edcollege grad9",1.31297446964462,0.829786452724906,2.07752482855982,"gotFrRel"
"raceBlack9",0.784012360806245,0.549773621690275,1.11805179012985,"gotFrRel"
"raceNative Am/AK/pac isl9",0.626676814309608,0.239338770129124,1.64087009129931,"gotFrRel"
"raceasian9",0.600986634073717,0.218408680786321,1.65371144148166,"gotFrRel"
"racemore than one9",0.667996774962529,0.347633959360483,1.28359062555688,"gotFrRel"
"racehispanic9",0.884019681777882,0.618910369601119,1.26268816318966,"gotFrRel"
"age22-299",1.48975922076136,1.08289535867217,2.04948937870125,"gotFrRel"
"age30-499",1.43779977357454,1.03661679448932,1.9942453179233,"gotFrRel"
"age50+9",0.852065506239503,0.556562545547167,1.30446368109342,"gotFrRel"
"hasInsurance9",1.05992826176316,0.716806119835012,1.5672967752324,"gotFrRel"
"(Intercept)10",0.230952391888816,0.102011694434206,0.522871496400514,"dependence"
"sexWomen10",0.958802871745389,0.668320276970448,1.3755425034154,"dependence"
"employmentemployed part time10",0.830110644902351,0.494623707984133,1.39314729896105,"dependence"
"employmentunemployed10",1.91904290975695,1.10549056089235,3.33130450839468,"dependence"
"employmentother10",1.71252828324941,1.13144405919029,2.59204429693854,"dependence"
"edhigh school grad10",0.869636784718901,0.512283576057681,1.47626856038632,"dependence"
"edsome col/assoc dg10",0.857608526325225,0.505512884633423,1.45494290409447,"dependence"
"edcollege grad10",0.514896143225236,0.283821129942174,0.934102539730702,"dependence"
"raceBlack10",0.666021857529553,0.368658238280928,1.20324210514209,"dependence"
"raceNative Am/AK/pac isl10",1.32587488212313,0.406957641841847,4.31972279741142,"dependence"
"raceasian10",0.292137976374538,0.0646853659193111,1.31938029610391,"dependence"
"racemore than one10",0.670933608004349,0.254520377682007,1.76862815641483,"dependence"
"racehispanic10",0.233592404146461,0.126554438220067,0.431161577913526,"dependence"
"age22-2910",1.32644796272878,0.841435112744867,2.09102778238921,"dependence"
"age30-4910",1.38702104591147,0.897399760833046,2.14377969079853,"dependence"
"age50+10",1.60768975845542,0.984600649728419,2.62509105611027,"dependence"
"hasInsurance10",0.556303889042023,0.31795985846334,0.973311594925627,"dependence"
"(Intercept)11",3.11488990301102,1.54337402380368,6.28657665493672,"noOwnRx"
"sexWomen11",0.975696897485547,0.765267899621882,1.24398845977114,"noOwnRx"
"employmentemployed part time11",1.22114517768096,0.819177820835272,1.82035634638274,"noOwnRx"
"employmentunemployed11",1.30042698884404,0.761681501203143,2.22023293285017,"noOwnRx"
"employmentother11",0.688151860471324,0.486003554501563,0.974381727631217,"noOwnRx"
"edhigh school grad11",1.07367278353036,0.688868315183737,1.67343049561856,"noOwnRx"
"edsome col/assoc dg11",1.1524533689796,0.769137729735301,1.72680225702814,"noOwnRx"
"edcollege grad11",0.856635197105417,0.547020339906566,1.34149282464557,"noOwnRx"
"raceBlack11",0.666511328399569,0.465725876125127,0.953860143183464,"noOwnRx"
"raceNative Am/AK/pac isl11",1.13210934256941,0.47587592828194,2.69328933732829,"noOwnRx"
"raceasian11",0.470326963728129,0.183692416825433,1.20422746149581,"noOwnRx"
"racemore than one11",0.62667595496418,0.288307968699659,1.36216405776623,"noOwnRx"
"racehispanic11",0.762381216627193,0.555804716843188,1.04573621247253,"noOwnRx"
"age22-2911",1.03253225700952,0.663229125394656,1.60747292442981,"noOwnRx"
"age30-4911",0.87708487160281,0.557197783563351,1.38061904531437,"noOwnRx"
"age50+11",0.62427957037985,0.333664894728948,1.1680131417788,"noOwnRx"
"hasInsurance11",0.634434513169699,0.422863593321069,0.951860500308572,"noOwnRx"
"(Intercept)12",0.311686606565196,0.165746607090592,0.586126874132807,"greaterAmnt"
"sexWomen12",0.712016925468638,0.526546141554643,0.9628179985461,"greaterAmnt"
"employmentemployed part time12",0.76996105584358,0.522457925215024,1.13471343605663,"greaterAmnt"
"employmentunemployed12",0.680238362824518,0.391361896024613,1.18234359287006,"greaterAmnt"
"employmentother12",1.25773172733003,0.864053804114812,1.83077615120641,"greaterAmnt"
"edhigh school grad12",0.939511398057958,0.542691086333293,1.62649007752215,"greaterAmnt"
"edsome col/assoc dg12",1.03417336696245,0.63598043912318,1.68167837741831,"greaterAmnt"
"edcollege grad12",0.984809813187931,0.565988186425891,1.71355231683486,"greaterAmnt"
"raceBlack12",0.630479273860296,0.445069716940687,0.893127749737195,"greaterAmnt"
"raceNative Am/AK/pac isl12",0.817860927227361,0.299581320637572,2.23277103813297,"greaterAmnt"
"raceasian12",0.394270230108171,0.139733523689138,1.11246757575064,"greaterAmnt"
"racemore than one12",0.594880148004472,0.270113036641262,1.31012703011375,"greaterAmnt"
"racehispanic12",0.525556522452466,0.339578606786006,0.813389456145539,"greaterAmnt"
"age22-2912",1.19433024439683,0.768650663383354,1.85575164457976,"greaterAmnt"
"age30-4912",1.03688905225669,0.723989030110446,1.48502099061607,"greaterAmnt"
"age50+12",1.38735236543277,0.857282330133244,2.24517235246497,"greaterAmnt"
"hasInsurance12",1.08278113001529,0.695549204844548,1.68559602591915,"greaterAmnt"
"(Intercept)13",0.0599363616591307,0.0274837598968819,0.130708733536188,"longer"
"sexWomen13",1.13596402614573,0.807988963055842,1.59706917755018,"longer"
"employmentemployed part time13",0.904078931972159,0.537100676152435,1.5217979636353,"longer"
"employmentunemployed13",0.924405454276694,0.481969199345587,1.77298766198497,"longer"
"employmentother13",1.14898097786183,0.696864793827917,1.89442385263378,"longer"
"edhigh school grad13",1.32671399865574,0.682659987494889,2.57839930048967,"longer"
"edsome col/assoc dg13",1.72478452870926,1.00739596298683,2.95304108789022,"longer"
"edcollege grad13",1.71292458548961,0.881181179366198,3.32974728044595,"longer"
"raceBlack13",0.750723804806774,0.44368394505495,1.27024256204213,"longer"
"raceNative Am/AK/pac isl13",0.863505775079359,0.319944232002578,2.33053810324481,"longer"
"raceasian13",1.21118390211862,0.487980079337797,3.00620149646684,"longer"
"racemore than one13",0.299344293470144,0.0966175819928272,0.927439956423167,"longer"
"racehispanic13",0.822463985403415,0.406867159437803,1.66257460597302,"longer"
"age22-2913",1.24679532765067,0.74416063151363,2.08892881888912,"longer"
"age30-4913",1.86230525724702,1.13237898624744,3.062738635466,"longer"
"age50+13",1.50713932975664,0.746970627342717,3.04090800381248,"longer"
"hasInsurance13",1.19459051429016,0.718827800313927,1.98524110532288,"longer"
"(Intercept)14",0.0764339700264606,0.0345611091310732,0.169038318528768,"moreOften"
"sexWomen14",1.12235227207639,0.764038844701998,1.64870494657422,"moreOften"
"employmentemployed part time14",0.70371945977015,0.389308349768907,1.27205357489289,"moreOften"
"employmentunemployed14",0.619163262161098,0.343042690365079,1.11753771754175,"moreOften"
"employmentother14",1.15861424214803,0.742560147305035,1.8077821264448,"moreOften"
"edhigh school grad14",1.40141362198706,0.617489353407278,3.18055708823779,"moreOften"
"edsome col/assoc dg14",1.35873343753084,0.660316472829133,2.79586627053917,"moreOften"
"edcollege grad14",1.35037341271298,0.667358734989306,2.73242599243317,"moreOften"
"raceBlack14",0.757721307875773,0.397116295435572,1.44577693488814,"moreOften"
"raceNative Am/AK/pac isl14",0.694800179445126,0.246477998758487,1.95858166566016,"moreOften"
"raceasian14",0.718716298008514,0.203109221879606,2.5432282800495,"moreOften"
"racemore than one14",1.92005776634354,0.624721281823058,5.90122656833121,"moreOften"
"racehispanic14",0.655839413334226,0.364962243706423,1.17854748950025,"moreOften"
"age22-2914",1.70347406390857,1.07517302941499,2.69893664277281,"moreOften"
"age30-4914",1.73781875857438,1.07270108205699,2.81533605975477,"moreOften"
"age50+14",2.3881271894817,1.35744470510568,4.20138768945122,"moreOften"
"hasInsurance14",1.26379637804266,0.765633622885707,2.08609083693829,"moreOften"
"(Intercept)15",0.0669048117399554,0.028914283286048,0.15481116338508,"rsnPain"
"sexWomen15",1.24627321992495,0.867475934746436,1.79047841731321,"rsnPain"
"employmentemployed part time15",1.22922349593974,0.750333051842397,2.01375962215735,"rsnPain"
"employmentunemployed15",1.17357993414901,0.648074408595508,2.1252032846383,"rsnPain"
"employmentother15",1.03737939210807,0.677593872672999,1.5882020876683,"rsnPain"
"edhigh school grad15",1.21712266948851,0.703721579284503,2.10507626338391,"rsnPain"
"edsome col/assoc dg15",1.51431440622177,0.88157543232154,2.60119331462315,"rsnPain"
"edcollege grad15",1.26337305880693,0.70821578083535,2.25370787959079,"rsnPain"
"raceBlack15",1.23553971967435,0.855502714088295,1.78439924707873,"rsnPain"
"raceNative Am/AK/pac isl15",0.348470965395778,0.116054309121672,1.0463378278919,"rsnPain"
"raceasian15",0.61730705357863,0.22645528333313,1.68275163550658,"rsnPain"
"racemore than one15",2.24822125132885,0.724005158460037,6.98130218530159,"rsnPain"
"racehispanic15",0.444190581108695,0.227012365217726,0.869138877771905,"rsnPain"
"age22-2915",1.54350902972226,0.958429176876951,2.48575500653819,"rsnPain"
"age30-4915",1.76453005219804,1.03617129889075,3.00487603588632,"rsnPain"
"age50+15",1.43935473394565,0.780823690523328,2.6532776544513,"rsnPain"
"hasInsurance15",1.17102747353188,0.753642965304565,1.81956895625276,"rsnPain"
"(Intercept)16",0.00950715036586048,0.00154012708474947,0.0586873050763756,"rsnEmot"
"sexWomen16",1.73526917637038,0.768765457359191,3.9168761884865,"rsnEmot"
"employmentemployed part time16",1.02241385141804,0.422849735590007,2.47210769119417,"rsnEmot"
"employmentunemployed16",0.798756993171053,0.343748705317116,1.85604403528177,"rsnEmot"
"employmentother16",0.318908276624313,0.096474091539875,1.054194833827,"rsnEmot"
"edhigh school grad16",7.48916661622051,1.5699602882732,35.7255002081629,"rsnEmot"
"edsome col/assoc dg16",6.39451674973297,1.29274710800318,31.630196044898,"rsnEmot"
"edcollege grad16",8.28076881332785,1.36840119698693,50.1104005833737,"rsnEmot"
"raceBlack16",0.683748325726799,0.217131327870453,2.15312906488157,"rsnEmot"
"raceNative Am/AK/pac isl16",1.0064545365571,0.186571144182885,5.42930011279467,"rsnEmot"
"raceasian16",2.69052940471111e-07,1.3889505218745e-07,5.21181162583503e-07,"rsnEmot"
"racemore than one16",1.69369544792905,0.512869073696906,5.59324868169158,"rsnEmot"
"racehispanic16",0.728234534200369,0.331384162530288,1.60033458676094,"rsnEmot"
"age22-2916",0.430641569090674,0.226839924373849,0.817546388894219,"rsnEmot"
"age30-4916",0.312582421626891,0.161841282171769,0.603725878830039,"rsnEmot"
"age50+16",0.200706825872598,0.0250878280306397,1.6056882207043,"rsnEmot"
"hasInsurance16",0.884766856118071,0.450593574825201,1.73729150485276,"rsnEmot"
"(Intercept)17",0.102512039453853,0.0406873079349463,0.258280008345362,"rsnHigh"
"sexWomen17",0.464359685413798,0.3011708796736,0.715972001248245,"rsnHigh"
"employmentemployed part time17",0.930438037979649,0.507160255061013,1.70698498922253,"rsnHigh"
"employmentunemployed17",3.05531327442668,1.52545822599781,6.11943286666,"rsnHigh"
"employmentother17",1.40121994923385,0.735269929730728,2.67033543293409,"rsnHigh"
"edhigh school grad17",1.55663294948478,0.778228888503658,3.11361628335428,"rsnHigh"
"edsome col/assoc dg17",1.65370957553818,0.770687770392124,3.54846082329193,"rsnHigh"
"edcollege grad17",3.53456563534071,1.53053419459114,8.16261033218463,"rsnHigh"
"raceBlack17",0.160531883810977,0.0517925136472872,0.497571635456834,"rsnHigh"
"raceNative Am/AK/pac isl17",1.05083123497343,0.24265488354411,4.5506864245535,"rsnHigh"
"raceasian17",0.0354314344890544,0.00467071121043981,0.268778456511325,"rsnHigh"
"racemore than one17",0.532381772949755,0.0917372978342357,3.08958688407487,"rsnHigh"
"racehispanic17",0.401339479501019,0.204716000812252,0.786813816052765,"rsnHigh"
"age22-2917",0.76900273706623,0.435217790251723,1.35877995537204,"rsnHigh"
"age30-4917",0.437336398434976,0.224198726522106,0.853096395162699,"rsnHigh"
"age50+17",0.185268876815568,0.0646332803843794,0.531066294521512,"rsnHigh"
"hasInsurance17",0.781628260284738,0.342558088543408,1.78347193573369,"rsnHigh"
"(Intercept)18",0.0184445691385247,0.00335567165140049,0.101381233340823,"rsnRelax"
"sexWomen18",1.1576177344327,0.666741093394441,2.00989384387669,"rsnRelax"
"employmentemployed part time18",0.806105415624821,0.418712328759311,1.55191499382191,"rsnRelax"
"employmentunemployed18",0.816049088921722,0.324491338327995,2.05224619850051,"rsnRelax"
"employmentother18",0.894773461858911,0.390009063090788,2.0528229310933,"rsnRelax"
"edhigh school grad18",0.766070788947493,0.256209257356673,2.29056693631351,"rsnRelax"
"edsome col/assoc dg18",2.41896499904521,0.867050525924852,6.74861670877174,"rsnRelax"
"edcollege grad18",2.56492865075547,0.952579476552736,6.90636229879143,"rsnRelax"
"raceBlack18",0.948788786602766,0.415216190735825,2.16802760024329,"rsnRelax"
"raceNative Am/AK/pac isl18",0.348712486517769,0.0862688295283441,1.40955196585173,"rsnRelax"
"raceasian18",0.537901667938347,0.0712629276362969,4.0601504031317,"rsnRelax"
"racemore than one18",0.389372701250725,0.123138453269092,1.23122466178761,"rsnRelax"
"racehispanic18",0.686188249069105,0.203569013350281,2.31299599782568,"rsnRelax"
"age22-2918",1.09303230692331,0.607549504929202,1.96645641924655,"rsnRelax"
"age30-4918",0.616025468064735,0.286222254264856,1.325848607681,"rsnRelax"
"age50+18",0.263835006833151,0.0620920566882514,1.12105983507903,"rsnRelax"
"hasInsurance18",2.10731116499411,0.926283278658669,4.79417090691674,"rsnRelax"
"(Intercept)19",0.0244745860657435,0.00336989169567258,0.17775211110158,"rsnExp"
"sexWomen19",0.404780954070285,0.125025864845062,1.31050979716155,"rsnExp"
"employmentemployed part time19",2.19908553960758,0.608905894408898,7.94207652597247,"rsnExp"
"employmentunemployed19",1.46815118187211,0.27489563819912,7.84104071986469,"rsnExp"
"employmentother19",0.212924545344342,0.0300220703063121,1.51011777494115,"rsnExp"
"edhigh school grad19",0.270719126063883,0.0459968597715213,1.59334453658005,"rsnExp"
"edsome col/assoc dg19",0.675958158814515,0.157662338813994,2.89808863616423,"rsnExp"
"edcollege grad19",1.03449986381495,0.151795567950933,7.05020563300688,"rsnExp"
"raceBlack19",2.75019999178733e-08,1.30463611239691e-08,5.79747864017885e-08,"rsnExp"
"raceNative Am/AK/pac isl19",7.60636159344104e-08,2.68437152328788e-08,2.15531777878908e-07,"rsnExp"
"raceasian19",2.30692878573685e-08,8.15474170527681e-09,6.5261667564744e-08,"rsnExp"
"racemore than one19",0.979030221522518,0.133799475323925,7.16370652675528,"rsnExp"
"racehispanic19",1.01901147907097,0.310371451105518,3.34561826089275,"rsnExp"
"age22-2919",0.511861289722031,0.158497482951325,1.6530355879302,"rsnExp"
"age30-4919",6.24201694519088e-09,2.06527289523172e-09,1.88656790267315e-08,"rsnExp"
"age50+19",4.65153148008581e-09,1.54120322771281e-09,1.40388656869988e-08,"rsnExp"
"hasInsurance19",2.42832419317842,0.411359511421697,14.3348050147081,"rsnExp"
"(Intercept)20",0.04554401145295,0.0104884963175784,0.197764952803583,"rsnSleep"
"sexWomen20",0.593499293418724,0.259607485564655,1.35682301503128,"rsnSleep"
"employmentemployed part time20",1.09273065756901,0.301103173322203,3.96561841848627,"rsnSleep"
"employmentunemployed20",0.529019822172485,0.108125640732889,2.58830348060339,"rsnSleep"
"employmentother20",0.250345949267123,0.0670123461131,0.935246979842799,"rsnSleep"
"edhigh school grad20",0.927153127375232,0.213801507387731,4.0206120719381,"rsnSleep"
"edsome col/assoc dg20",0.891431224146827,0.220909208793364,3.5971774636485,"rsnSleep"
"edcollege grad20",2.23457498405158,0.422668194800217,11.8138185479257,"rsnSleep"
"raceBlack20",4.08133537380212,1.36100248611822,12.2389919220189,"rsnSleep"
"raceNative Am/AK/pac isl20",1.62121688226469,0.211532366095037,12.4252577884899,"rsnSleep"
"raceasian20",1.89697726317114,0.314565343761126,11.4396668557389,"rsnSleep"
"racemore than one20",0.127627024276139,0.014685301686666,1.10918098062446,"rsnSleep"
"racehispanic20",0.327499970078589,0.0778928275651521,1.37697184393215,"rsnSleep"
"age22-2920",0.788145552503349,0.210442718078476,2.95174581283999,"rsnSleep"
"age30-4920",0.292916612804059,0.0566782683080965,1.51381022423274,"rsnSleep"
"age50+20",0.387704039229807,0.0385803208067029,3.89614235683059,"rsnSleep"
"hasInsurance20",0.622027600311551,0.1994345510966,1.94007674909817,"rsnSleep"
