"","Estimate","Std. Error","t value","Pr(t)","outcome"
"(Intercept)",-0.592259154225581,0.0820295838575147,-7.22006776548244,2.35533676581423e-08,"lifetime_use"
"sexWomen",0.244315277963273,0.0301287909114473,8.10903028539545,1.8647460007091e-09,"lifetime_use"
"employmentemployed part time",-0.0176958117035228,0.0415977875145522,-0.425402713962427,0.673223736291399,"lifetime_use"
"employmentunemployed",0.0056950158184166,0.0711437850520794,0.0800493790743306,0.936667311732617,"lifetime_use"
"employmentother",-0.109236525391808,0.0423073093254431,-2.58197760938945,0.0143053113659767,"lifetime_use"
"edhigh school grad",0.261250914344125,0.0698575901825353,3.73976419257357,0.000678042576994493,"lifetime_use"
"edsome col/assoc dg",0.708463660079168,0.0618127236814768,11.4614535306664,3.17338324358102e-13,"lifetime_use"
"edcollege grad",0.741803552091342,0.0605254500398183,12.2560600805665,5.00495162795101e-14,"lifetime_use"
"raceBlack",-0.747798505972688,0.050068863464268,-14.935400051698,1.68410884892699e-16,"lifetime_use"
"raceNative Am/AK/pac isl",-0.491191244770092,0.11314550363223,-4.34123521484926,0.000120544327320316,"lifetime_use"
"raceasian",-1.66801579803743,0.0784659926344527,-21.2578180946256,3.249224921266e-21,"lifetime_use"
"racemore than one",-0.0705928739922335,0.0996284715158257,-0.70856124678195,0.483426922163698,"lifetime_use"
"racehispanic",-0.983602848690684,0.0497220955846981,-19.7820071162364,3.13974504938907e-20,"lifetime_use"
"age22-29",0.487919192406737,0.0467110420745711,10.4454786435252,3.77641220158303e-12,"lifetime_use"
"age30-49",0.908529350677284,0.0397017826487083,22.8838427411733,3.10893689038816e-22,"lifetime_use"
"age50+",0.821022919574593,0.0503531576945138,16.3052916076413,1.21639375510854e-17,"lifetime_use"
"hasInsurance",0.281371127385686,0.0468387207407977,6.00723339441261,8.42816061836489e-07,"lifetime_use"
"(Intercept)1",-1.8121683764021,0.109120471073136,-16.6070431934584,6.97717603347838e-18,"lifetime_misuse"
"sexWomen1",-0.265908770736311,0.0492568214118958,-5.39841514564503,5.21670336419577e-06,"lifetime_misuse"
"employmentemployed part time1",0.00728164872147188,0.0699192481835637,0.104143693055092,0.917667237127693,"lifetime_misuse"
"employmentunemployed1",0.348992552099206,0.0832902823893608,4.19007526553644,0.000187184091582252,"lifetime_misuse"
"employmentother1",-0.161409149203913,0.0602273481331414,-2.67999761249814,0.0112681933820641,"lifetime_misuse"
"edhigh school grad1",0.118358860049463,0.0978182294812896,1.2099877566492,0.234629163171683,"lifetime_misuse"
"edsome col/assoc dg1",0.324691796073142,0.0849001218920981,3.82439728986257,0.000534037552259158,"lifetime_misuse"
"edcollege grad1",0.139516656281752,0.0825235734398506,1.69062790747231,0.100057144531334,"lifetime_misuse"
"raceBlack1",-0.86685022723446,0.0676044876981805,-12.8223769863401,1.40539707834664e-14,"lifetime_misuse"
"raceNative Am/AK/pac isl1",-0.500325527587712,0.177983725591422,-2.81107458519132,0.00813593337970252,"lifetime_misuse"
"raceasian1",-1.57494997660458,0.166048947388213,-9.48485372161042,4.43996047648866e-11,"lifetime_misuse"
"racemore than one1",0.0363096532197139,0.166989908447955,0.217436212506401,0.829168034305065,"lifetime_misuse"
"racehispanic1",-0.6888448928219,0.085596148879784,-8.04761548080104,2.21547070831266e-09,"lifetime_misuse"
"age22-291",0.441954641892878,0.0530399601353368,8.33248442806492,9.99900516652595e-10,"lifetime_misuse"
"age30-491",0.353007570131706,0.0536709172243772,6.57725987159711,1.54803853677292e-07,"lifetime_misuse"
"age50+1",-0.422614205498423,0.0737566410583979,-5.72984614583807,1.93247067812681e-06,"lifetime_misuse"
"hasInsurance1",-0.179993514146008,0.0678619647702184,-2.65234752273189,0.0120581245170761,"lifetime_misuse"
"(Intercept)2",-1.32900252958324,0.0719268789569316,-18.4771332894761,2.6368203463377e-19,"pastyr_use"
"sexWomen2",0.17472363407567,0.0290052061514771,6.02387147890595,8.01956023761394e-07,"pastyr_use"
"employmentemployed part time2",0.0090603077524891,0.03996220458726,0.226721920025842,0.821997621558271,"pastyr_use"
"employmentunemployed2",0.24089150323855,0.0611488856268475,3.93942589090759,0.000385088049867759,"pastyr_use"
"employmentother2",0.24384350290373,0.0349345062067323,6.98001859424416,4.73801273515937e-08,"pastyr_use"
"edhigh school grad2",0.0220757184606233,0.0579082623198032,0.381218803263484,0.705412795470004,"pastyr_use"
"edsome col/assoc dg2",0.232559419917438,0.0588196080743762,3.95377370796777,0.000369626796221983,"pastyr_use"
"edcollege grad2",-0.125882527519933,0.0525295318869183,-2.39641441676891,0.022202045909606,"pastyr_use"
"raceBlack2",-0.0412913427245409,0.0514176301747269,-0.803058067519353,0.427519653247818,"pastyr_use"
"raceNative Am/AK/pac isl2",0.189288127157117,0.0923115659568621,2.05053532777868,0.0480844941410662,"pastyr_use"
"raceasian2",-0.812095984155131,0.0822880277906247,-9.8689445592431,1.63361625546453e-11,"pastyr_use"
"racemore than one2",0.160769704334412,0.118464508906059,1.35711282492127,0.183686897987677,"pastyr_use"
"racehispanic2",-0.363102442152574,0.0489919038700478,-7.4114784988906,1.35443935606065e-08,"pastyr_use"
"age22-292",0.301720050736394,0.0512235505278426,5.89026039052866,1.19560245619878e-06,"pastyr_use"
"age30-492",0.478108144608828,0.0415442907032151,11.5083958954636,2.8392187301724e-13,"pastyr_use"
"age50+2",0.375946871895732,0.0512871608603884,7.3302336411079,1.71220675483621e-08,"pastyr_use"
"hasInsurance2",0.219244829530063,0.0560416757274331,3.91217476430206,0.00041620948106179,"pastyr_use"
"(Intercept)3",-2.32090363883454,0.140864001745822,-16.4762012300519,8.87001859080343e-18,"pastyr_misuse"
"sexWomen3",-0.188029043020804,0.0672396186528188,-2.79640257913511,0.0084410586589528,"pastyr_misuse"
"employmentemployed part time3",0.0197905843877988,0.0858389277554345,0.230554888152663,0.819042293128292,"pastyr_misuse"
"employmentunemployed3",0.542420525299617,0.100393564077231,5.40294121725116,5.1464391050494e-06,"pastyr_misuse"
"employmentother3",0.0042010571726211,0.0770686990911617,0.0545105499659703,0.956847457258117,"pastyr_misuse"
"edhigh school grad3",-0.0847070643668857,0.0939206165311928,-0.901900642216855,0.373454690626625,"pastyr_misuse"
"edsome col/assoc dg3",0.170708014626825,0.0883705846299847,1.93172892701338,0.0617621231386477,"pastyr_misuse"
"edcollege grad3",-0.34175307000652,0.131146856534368,-2.60588075869711,0.0135019473816788,"pastyr_misuse"
"raceBlack3",-0.435215406847982,0.0985333464279451,-4.41693520646073,9.65843394484417e-05,"pastyr_misuse"
"raceNative Am/AK/pac isl3",-0.212238808639256,0.163825310803705,-1.29551903547773,0.203868337127985,"pastyr_misuse"
"raceasian3",-0.93818001424441,0.206709328052494,-4.53864381972235,6.75342949419651e-05,"pastyr_misuse"
"racemore than one3",0.0751932651421658,0.215669149781897,0.348651001861915,0.729501156288554,"pastyr_misuse"
"racehispanic3",-0.438654101711586,0.117019505748948,-3.74855541308359,0.000661484867518008,"pastyr_misuse"
"age22-293",0.176102843689927,0.0781426314368026,2.25360779963431,0.0307809474357577,"pastyr_misuse"
"age30-493",-0.145533714519246,0.0732364150962765,-1.98717693005491,0.0550071999823059,"pastyr_misuse"
"age50+3",-1.00608061938026,0.0967955165511201,-10.3938762375313,4.29777994507613e-12,"pastyr_misuse"
"hasInsurance3",-0.227051001168348,0.105899049088508,-2.14403248303564,0.0392664154058366,"pastyr_misuse"
"(Intercept)4",-1.8078920641044,0.350248794016886,-5.16173672825619,1.05956791184582e-05,"srcOneDoc"
"sexWomen4",0.129993123271137,0.151584896735149,0.857559862960907,0.397140333543426,"srcOneDoc"
"employmentemployed part time4",-0.278458608255174,0.210640111571908,-1.32196382814825,0.195005784215947,"srcOneDoc"
"employmentunemployed4",-0.52165863725771,0.261260471577732,-1.99669943986342,0.053914224644765,"srcOneDoc"
"employmentother4",0.197465186576925,0.192755842581719,1.0244316537031,0.312865238338786,"srcOneDoc"
"edhigh school grad4",0.140546238914253,0.234597071305932,0.599096306411131,0.553079923785115,"srcOneDoc"
"edsome col/assoc dg4",0.223666542620941,0.203695105746883,1.09804573752928,0.279900025314227,"srcOneDoc"
"edcollege grad4",0.537343445886442,0.257098705546183,2.09002781536727,0.0441669779037849,"srcOneDoc"
"raceBlack4",0.477278054377574,0.203793533039912,2.34196859565756,0.025177959780722,"srcOneDoc"
"raceNative Am/AK/pac isl4",-0.580191255625121,0.346889365880392,-1.67255417055699,0.103594030764613,"srcOneDoc"
"raceasian4",0.326678500143856,0.414181216926386,0.788733256829264,0.435733379039595,"srcOneDoc"
"racemore than one4",0.645373493786026,0.347352298270633,1.85797962759756,0.0718490059671607,"srcOneDoc"
"racehispanic4",0.040866595602095,0.182937420895924,0.223391121411647,0.824567908997377,"srcOneDoc"
"age22-294",0.0621142175762778,0.231164129750376,0.268701799208001,0.789782940166197,"srcOneDoc"
"age30-494",0.402815195007699,0.257031202122349,1.56718402933803,0.126332773102672,"srcOneDoc"
"age50+4",0.797562151061544,0.318451275079879,2.50450292862381,0.0172212648811705,"srcOneDoc"
"hasInsurance4",0.408413087467655,0.250934626188388,1.62756768036087,0.112849860853908,"srcOneDoc"
"(Intercept)5",-3.8675718188853,1.05122594447018,-3.67910613244479,0.000803754601229014,"srcMultDocs"
"sexWomen5",0.521013365663867,0.598274561056766,0.870859968947321,0.389938210127073,"srcMultDocs"
"employmentemployed part time5",-0.176162272309088,0.876233679398466,-0.201044854187781,0.841861405660839,"srcMultDocs"
"employmentunemployed5",-0.0187560016492213,0.736938573161086,-0.0254512415719641,0.979843835723114,"srcMultDocs"
"employmentother5",-0.268620312514216,0.751457756570513,-0.357465619544789,0.722952731815749,"srcMultDocs"
"edhigh school grad5",-0.837540818115834,0.829332857400253,-1.00989706442032,0.31967804280686,"srcMultDocs"
"edsome col/assoc dg5",-0.499366141863718,0.826857972155177,-0.603932185066968,0.549897406866447,"srcMultDocs"
"edcollege grad5",0.26541772682497,0.902411437882074,0.294120526051726,0.770453982732243,"srcMultDocs"
"raceBlack5",1.24498168765421,0.538531352940517,2.3118091098249,0.0269774457854813,"srcMultDocs"
"raceNative Am/AK/pac isl5",0.776194375485222,1.24166135151593,0.625125662917329,0.536061958892347,"srcMultDocs"
"raceasian5",1.35435083219025,0.934625803003223,1.44908350255078,0.156475522392213,"srcMultDocs"
"racemore than one5",0.518582704811294,1.04195193119469,0.49770309866089,0.621897170508618,"srcMultDocs"
"racehispanic5",0.75971233671366,0.824235067330283,0.921718047224546,0.363170178296345,"srcMultDocs"
"age22-295",-2.53064801681966,0.687495774402501,-3.68096519432289,0.000799586279115201,"srcMultDocs"
"age30-495",-1.4040088791157,0.769732684162507,-1.8240213882087,0.076948704478631,"srcMultDocs"
"age50+5",-0.0806781323679128,0.513357641312081,-0.15715775100125,0.876050100563615,"srcMultDocs"
"hasInsurance5",0.174739136502764,0.618279459418315,0.282621610407632,0.779180398919853,"srcMultDocs"
"(Intercept)6",-1.57347671339925,0.511475564081764,-3.07634777474475,0.00412026567480588,"srcDrugDeal"
"sexWomen6",-0.429622127990401,0.238818291919995,-1.79894983979839,0.0809087795954314,"srcDrugDeal"
"employmentemployed part time6",0.0182386553116683,0.35096747568375,0.0519667962854279,0.95885927468612,"srcDrugDeal"
"employmentunemployed6",0.365446302044687,0.308548486895713,1.1844047777431,0.244466706400532,"srcDrugDeal"
"employmentother6",-0.0297541396569131,0.35359081533069,-0.0841485082950642,0.93343188212084,"srcDrugDeal"
"edhigh school grad6",-0.183618540911703,0.213837380016029,-0.8586830838366,0.396528877433722,"srcDrugDeal"
"edsome col/assoc dg6",-0.710648984847192,0.358383024891126,-1.98293148807224,0.0555006698009375,"srcDrugDeal"
"edcollege grad6",-2.67179694930176,0.634795561501106,-4.20890931087127,0.000177230242741555,"srcDrugDeal"
"raceBlack6",-0.639887952643807,0.350386357287293,-1.82623535230609,0.07660707012995,"srcDrugDeal"
"raceNative Am/AK/pac isl6",0.071743281424501,0.740879534271815,0.0968352857728956,0.923425771936912,"srcDrugDeal"
"raceasian6",-0.787394984313959,0.659714158644707,-1.19353961711471,0.240919865418637,"srcDrugDeal"
"racemore than one6",0.200947182524423,0.581231342221639,0.34572668045798,0.731678239335814,"srcDrugDeal"
"racehispanic6",-0.266805489724867,0.30828115853568,-0.865461551371414,0.392851445540219,"srcDrugDeal"
"age22-296",0.0257747930388845,0.268905970892854,0.0958505791199202,0.924201982384592,"srcDrugDeal"
"age30-496",-0.260649656909531,0.276591466193493,-0.942363336427708,0.352654848558755,"srcDrugDeal"
"age50+6",-0.751690934336511,0.58698741496607,-1.28059122763298,0.209004614713423,"srcDrugDeal"
"hasInsurance6",-0.202836460876366,0.32193127209721,-0.630061377867999,0.532866310836113,"srcDrugDeal"
"(Intercept)7",-1.92973806143429,0.505840407603021,-3.81491480796989,0.000548559570428222,"srcBoughtFrRel"
"sexWomen7",-0.044250129446628,0.202306530402272,-0.21872813180395,0.828169509798947,"srcBoughtFrRel"
"employmentemployed part time7",0.0875943058979553,0.306363593812718,0.285916171722095,0.776677158783934,"srcBoughtFrRel"
"employmentunemployed7",0.90572904120196,0.360715675144206,2.51092232362752,0.0169603895153737,"srcBoughtFrRel"
"employmentother7",0.453118422461333,0.245968726966436,1.84217899588171,0.0741847712798033,"srcBoughtFrRel"
"edhigh school grad7",0.000568082990943468,0.342697853950128,0.00165767886899618,0.998687052452508,"srcBoughtFrRel"
"edsome col/assoc dg7",0.492107927374815,0.353423357381785,1.39240352143228,0.172840582264037,"srcBoughtFrRel"
"edcollege grad7",-0.128656061310185,0.421668406915537,-0.30511192965888,0.762140975866066,"srcBoughtFrRel"
"raceBlack7",-0.450056307531878,0.284900371702971,-1.57969715813882,0.123435886812452,"srcBoughtFrRel"
"raceNative Am/AK/pac isl7",0.744659468029806,0.584849898416116,1.27324886273638,0.211566596403287,"srcBoughtFrRel"
"raceasian7",-1.23843627716724,0.992182678945948,-1.24819380890917,0.220487632370202,"srcBoughtFrRel"
"racemore than one7",-0.884689433512499,0.552542624469217,-1.60112431934522,0.118601297890087,"srcBoughtFrRel"
"racehispanic7",-0.461038703849015,0.325759280437477,-1.41527419642463,0.166082901375334,"srcBoughtFrRel"
"age22-297",0.140580944300978,0.269867260601451,0.520926265704356,0.605794552005404,"srcBoughtFrRel"
"age30-497",-0.380629585119016,0.319363439955298,-1.19183831803757,0.241577555460623,"srcBoughtFrRel"
"age50+7",0.128226712537074,0.410534424375034,0.312340951023234,0.756689047312737,"srcBoughtFrRel"
"hasInsurance7",-0.564682725643915,0.282800941522324,-1.99674980784793,0.0539084941975134,"srcBoughtFrRel"
"(Intercept)8",-3.42956353800575,0.658649057652177,-5.20696643859294,9.25481726290443e-06,"srcTookFrRel"
"sexWomen8",0.422866148501254,0.247849216599501,1.70614276818378,0.097101766463031,"srcTookFrRel"
"employmentemployed part time8",-0.00900711607815615,0.417526967524257,-0.0215725372939722,0.982915049152861,"srcTookFrRel"
"employmentunemployed8",0.878268254151094,0.372294228705274,2.35907029019881,0.0242064654542096,"srcTookFrRel"
"employmentother8",0.496857102242927,0.310663335177424,1.5993425872389,0.118997308790154,"srcTookFrRel"
"edhigh school grad8",0.397576198490166,0.456237369450989,0.871424011076925,0.389634620524975,"srcTookFrRel"
"edsome col/assoc dg8",0.400718723374007,0.487679024228131,0.821685378017314,0.416980925645133,"srcTookFrRel"
"edcollege grad8",1.29730743708885,0.514037569875665,2.52375996058546,0.0164495180497903,"srcTookFrRel"
"raceBlack8",-0.13092845250342,0.476892507397083,-0.27454499802909,0.785327168189449,"srcTookFrRel"
"raceNative Am/AK/pac isl8",0.63424311647039,0.850525097440347,0.745707702664087,0.460968706021577,"srcTookFrRel"
"raceasian8",-14.6298123016181,0.261244193515026,-56.0005261926581,4.48968072317627e-35,"srcTookFrRel"
"racemore than one8",0.399687026263787,0.468032232993598,0.853973290914889,0.39909675650053,"srcTookFrRel"
"racehispanic8",0.647110797950348,0.291754035801959,2.21800118778683,0.0333385609998288,"srcTookFrRel"
"age22-298",-0.514457949382922,0.355729523328046,-1.44620537696698,0.15727585925748,"srcTookFrRel"
"age30-498",-0.928951364839165,0.331607978165954,-2.80135408676527,0.00833690982719219,"srcTookFrRel"
"age50+8",-2.73261177876792,0.835428600772364,-3.27091001701593,0.00246107466443161,"srcTookFrRel"
"hasInsurance8",-0.323549611885606,0.321242060986864,-1.00718321533504,0.32096125741318,"srcTookFrRel"
"(Intercept)9",-0.76464499200225,0.291209355788459,-2.62575695733383,0.0128658460570206,"gotFrRel"
"sexWomen9",-0.13260764920291,0.14710328744438,-0.901459454147477,0.373685775083861,"gotFrRel"
"employmentemployed part time9",0.255165969479983,0.190459018000356,1.33974212488855,0.189215590839004,"gotFrRel"
"employmentunemployed9",-0.233626571864631,0.186546176260862,-1.25237931190791,0.218978045897959,"gotFrRel"
"employmentother9",-0.468912357978331,0.137802763245137,-3.40277906578829,0.00172343322571378,"gotFrRel"
"edhigh school grad9",0.283987597473072,0.194706219271717,1.45854404926204,0.153867490191038,"gotFrRel"
"edsome col/assoc dg9",0.239028775808674,0.203003740221046,1.17745995984311,0.247188727978046,"gotFrRel"
"edcollege grad9",0.272295150839629,0.23412779603504,1.16301932299776,0.252919570845027,"gotFrRel"
"raceBlack9",-0.24333049242152,0.18108403664031,-1.34374347367157,0.187930825530938,"gotFrRel"
"raceNative Am/AK/pac isl9",-0.467324318910112,0.491106454570315,-0.95157437773647,0.348028911808894,"gotFrRel"
"raceasian9",-0.509182584172239,0.516440461418206,-0.985946342728383,0.331124163289522,"gotFrRel"
"racemore than one9",-0.403471933357551,0.333237378591121,-1.21076433581182,0.234335186808116,"gotFrRel"
"racehispanic9",-0.123275952137725,0.181900721728624,-0.677710077047626,0.502541647377816,"gotFrRel"
"age22-299",0.39861451009474,0.162745933591022,2.44930549906366,0.0196206689105222,"gotFrRel"
"age30-499",0.363114010087121,0.166917190576722,2.17541410104324,0.0366457523191674,"gotFrRel"
"age50+9",-0.160091869850709,0.217291673301242,-0.736760260614153,0.46632188151062,"gotFrRel"
"hasInsurance9",0.0582012282518163,0.199570558938211,0.291632335758682,0.772339718470118,"gotFrRel"
"(Intercept)10",-1.46554368542039,0.41690772992721,-3.51527107851003,0.00126655511046654,"dependence"
"sexWomen10",-0.0420697812810147,0.184145211530073,-0.22845981674709,0.820657323526963,"dependence"
"employmentemployed part time10",-0.186196279964831,0.264168992650429,-0.704837755925511,0.485711842628239,"dependence"
"employmentunemployed10",0.6518265772534,0.28140180056385,2.31635538915289,0.0266989672985496,"dependence"
"employmentother10",0.537970806783939,0.21147126411386,2.54394283326498,0.0156748223076191,"dependence"
"edhigh school grad10",-0.139679643335081,0.270003586095299,-0.517325141325273,0.608278726653285,"dependence"
"edsome col/assoc dg10",-0.153607546638034,0.269685672537186,-0.569579930564733,0.572706966879608,"dependence"
"edcollege grad10",-0.663790062295566,0.303893849985698,-2.184282644505,0.035933901236666,"dependence"
"raceBlack10",-0.40643278986684,0.301767003084529,-1.34684304682906,0.186940235086243,"dependence"
"raceNative Am/AK/pac isl10",0.282072529938527,0.602622656492325,0.468074883842539,0.642717826414518,"dependence"
"raceasian10",-1.23052906648653,0.769244349432919,-1.59965954562249,0.118926782009954,"dependence"
"racemore than one10",-0.399085091757759,0.494544436840364,-0.806975191769432,0.425290108749969,"dependence"
"racehispanic10",-1.45417754505305,0.312712468956491,-4.650206465721,4.85816167231635e-05,"dependence"
"age22-2910",0.282504664824126,0.232224186656602,1.2165169739269,0.232165992886135,"dependence"
"age30-4910",0.327158314910054,0.222153146841371,1.47267018073646,0.150037655858648,"dependence"
"age50+10",0.474798215858231,0.25016651912653,1.89792869771708,0.0662224498855433,"dependence"
"hasInsurance10",-0.5864405710175,0.285408083419924,-2.05474408429653,0.0476529527100739,"dependence"
"(Intercept)11",1.13619380747708,0.358283554503089,3.17121395385533,0.00320998217030167,"noOwnRx"
"sexWomen11",-0.0246032966564731,0.12394412149167,-0.198503134802779,0.843833641003717,"noOwnRx"
"employmentemployed part time11",0.199789088700055,0.203699247072055,0.980804257118254,0.333617265827201,"noOwnRx"
"employmentunemployed11",0.262692663495581,0.272923102572831,0.962515305663726,0.342586792952465,"noOwnRx"
"employmentother11",-0.373745737976258,0.177448976657866,-2.10621523446069,0.0426443105368269,"noOwnRx"
"edhigh school grad11",0.071085278836749,0.226427849248415,0.313942295847015,0.755483055588595,"noOwnRx"
"edsome col/assoc dg11",0.141893034314877,0.206319228634487,0.687735385858061,0.496284732144984,"noOwnRx"
"edcollege grad11",-0.154743125332125,0.228844086414126,-0.676194555677069,0.503491280337187,"noOwnRx"
"raceBlack11",-0.405698142659253,0.182891076963339,-2.2182500611584,0.0333200441869941,"noOwnRx"
"raceNative Am/AK/pac isl11",0.124082567492056,0.442192146348248,0.280607804812378,0.780711689205324,"noOwnRx"
"raceasian11",-0.754327158635851,0.479685043502385,-1.57254675511287,0.125084557269395,"noOwnRx"
"racemore than one11",-0.467325690184742,0.396129903587576,-1.179728381908,0.246297191830049,"noOwnRx"
"racehispanic11",-0.271308564108297,0.161242611349294,-1.68261082996586,0.101613420260724,"noOwnRx"
"age22-2911",0.0320142870207502,0.225845500315362,0.141753043456906,0.888111700182292,"noOwnRx"
"age30-4911",-0.131151516374658,0.231475426130267,-0.566589372216344,0.574714675380079,"noOwnRx"
"age50+11",-0.47115698149305,0.31962889231648,-1.47407506899137,0.149660954313673,"noOwnRx"
"hasInsurance11",-0.455021207288665,0.206985649874953,-2.1983224806336,0.0348321269018836,"noOwnRx"
"(Intercept)12",-1.16575706212403,0.322219215773768,-3.6179005008271,0.000953364919613995,"greaterAmnt"
"sexWomen12",-0.339653596127089,0.153963398930221,-2.20606714639384,0.0342373451110461,"greaterAmnt"
"employmentemployed part time12",-0.261415342239978,0.19785847347641,-1.32122389123328,0.195249684762059,"greaterAmnt"
"employmentunemployed12",-0.385312008669054,0.282051393535444,-1.36610567258422,0.180874201863055,"greaterAmnt"
"employmentother12",0.229309882221764,0.191549499898497,1.19713119764487,0.239535755862005,"greaterAmnt"
"edhigh school grad12",-0.0623953281554211,0.280015193589335,-0.222828366402606,0.825002366817181,"greaterAmnt"
"edsome col/assoc dg12",0.0336024283397943,0.248060629881682,0.135460545898887,0.893046575990505,"greaterAmnt"
"edcollege grad12",-0.0153067395109201,0.282594648623045,-0.0541650013031134,0.957120730065199,"greaterAmnt"
"raceBlack12",-0.461274996662606,0.177681502256588,-2.59607776163713,0.0138262474936894,"greaterAmnt"
"raceNative Am/AK/pac isl12",-0.201062972448156,0.512410642454713,-0.392386410018652,0.697221842815044,"greaterAmnt"
"raceasian12",-0.930718741562183,0.529244077434639,-1.75858130727429,0.087647641699612,"greaterAmnt"
"racemore than one12",-0.5193953256519,0.402823436524255,-1.28938705784718,0.20596646622816,"greaterAmnt"
"racehispanic12",-0.643297535072507,0.222836894061092,-2.88685380301586,0.00671761005567979,"greaterAmnt"
"age22-2912",0.177585563324396,0.224853238822016,0.789784324454251,0.435127491259094,"greaterAmnt"
"age30-4912",0.0362249343786989,0.183270700739614,0.197658077545993,0.844489586566409,"greaterAmnt"
"age50+12",0.327397157685525,0.245609172443127,1.3330005326301,0.191395482196901,"greaterAmnt"
"hasInsurance12",0.0795328515792766,0.225813523999126,0.352205882848648,0.72685770380914,"greaterAmnt"
"(Intercept)13",-2.81447191865012,0.397807350265987,-7.07496208093761,3.59136768562226e-08,"longer"
"sexWomen13",0.127481652672308,0.173823874060087,0.733395532470068,0.468344260681444,"longer"
"employmentemployed part time13",-0.100838608273123,0.265684022263156,-0.379543366643418,0.70664476705733,"longer"
"employmentunemployed13",-0.0786045002567241,0.33228700814219,-0.23655604441534,0.814420634195951,"longer"
"employmentother13",0.138875443343877,0.255126786694616,0.544338934939472,0.58976068853918,"longer"
"edhigh school grad13",0.282705207370514,0.339018256505458,0.833893756296758,0.410161400636337,"longer"
"edsome col/assoc dg13",0.545102131788126,0.274358809175594,1.9868220503875,0.05504830267762,"longer"
"edcollege grad13",0.538202193556522,0.339135933640085,1.5869807359538,0.121774771722831,"longer"
"raceBlack13",-0.286717464759708,0.268334186176694,-1.06850889499003,0.292818922568752,"longer"
"raceNative Am/AK/pac isl13",-0.146754693427775,0.506567410305337,-0.289704174493416,0.773801989767755,"longer"
"raceasian13",0.191598312759539,0.463824343162188,0.413083779633665,0.682138910425596,"longer"
"racemore than one13",-1.20616088486198,0.576966551516107,-2.09052133384947,0.0441198558543309,"longer"
"racehispanic13",-0.195450584044845,0.359097390518756,-0.544282941634566,0.58979879010188,"longer"
"age22-2913",0.220576521431031,0.263308351777038,0.83771183079604,0.408042938192183,"longer"
"age30-4913",0.621815105937439,0.253828331850305,2.44974665122944,0.019600339115956,"longer"
"age50+13",0.410213370418193,0.358140655340497,1.14539738591864,0.260043143078239,"longer"
"hasInsurance13",0.177803460794137,0.259156246550537,0.686085954557397,0.497311170589194,"longer"
"(Intercept)14",-2.57132804777581,0.404955499760727,-6.34965582464025,3.03857465652318e-07,"moreOften"
"sexWomen14",0.115426725805395,0.196209407976942,0.588283339700813,0.560229953198433,"moreOften"
"employmentemployed part time14",-0.351375496888859,0.30205048879265,-1.16330054055986,0.252807052440945,"moreOften"
"employmentunemployed14",-0.479386289601959,0.301288234330367,-1.59112183941543,0.120838507638514,"moreOften"
"employmentother14",0.147224672154491,0.226981761286595,0.648618952113076,0.520941845573199,"moreOften"
"edhigh school grad14",0.337481457177541,0.418158147658114,0.807066558591764,0.425238189462281,"moreOften"
"edsome col/assoc dg14",0.306552969889266,0.368164430663835,0.832652326941313,0.410851677528114,"moreOften"
"edcollege grad14",0.300381156212669,0.359602883446882,0.835313536235978,0.409372837962877,"moreOften"
"raceBlack14",-0.277439628656171,0.329642014866756,-0.841639160494498,0.405870974126446,"moreOften"
"raceNative Am/AK/pac isl14",-0.364130986346472,0.528760510825921,-0.688650114543731,0.495716007158209,"moreOften"
"raceasian14",-0.33028857769722,0.64476839272885,-0.512259256846231,0.611781345231919,"moreOften"
"racemore than one14",0.652355272224359,0.572870195000831,1.13874884383436,0.262768134766193,"moreOften"
"racehispanic14",-0.421839316752269,0.29904736031954,-1.41061040064531,0.167443823239996,"moreOften"
"age22-2914",0.532669732824563,0.234794174909225,2.26866672919164,0.029753246236162,"moreOften"
"age30-4914",0.552630739802725,0.246152939678819,2.24507064804426,0.0313776028248061,"moreOften"
"age50+14",0.870509456038998,0.288222345607223,3.0202705283139,0.00476825400749758,"moreOften"
"hasInsurance14",0.234120189427061,0.255704551791824,0.915588665850831,0.366331154976727,"moreOften"
"(Intercept)15",-2.70448439007033,0.428036020637001,-6.31835700660315,3.33470501644931e-07,"rsnPain"
"sexWomen15",0.220157673955804,0.184863183857452,1.19092222346212,0.241932246605823,"rsnPain"
"employmentemployed part time15",0.206382665913945,0.251851958355184,0.819460238712481,0.418231360575627,"rsnPain"
"employmentunemployed15",0.160058850008759,0.30296914424717,0.528300828807104,0.600722197914547,"rsnPain"
"employmentother15",0.0366977177947907,0.217302409396209,0.168878559132216,0.866892869400866,"rsnPain"
"edhigh school grad15",0.196489605547372,0.279526611146032,0.7029370289354,0.486880573553862,"rsnPain"
"edsome col/assoc dg15",0.414962799388152,0.276029310628268,1.50332875318081,0.141986980502963,"rsnPain"
"edcollege grad15",0.233785174897747,0.295307279110714,0.791667498348724,0.434043207065875,"rsnPain"
"raceBlack15",0.21150789459375,0.187541154139079,1.12779456628969,0.267302696681031,"rsnPain"
"raceNative Am/AK/pac isl15",-1.05420036532035,0.560977986691472,-1.87921877565607,0.0688086346142937,"rsnPain"
"raceasian15",-0.482388723147277,0.511651776711445,-0.942806699993788,0.352431257046759,"rsnPain"
"racemore than one15",0.810139348598008,0.578120883451291,1.40133209470241,0.170177289068556,"rsnPain"
"racehispanic15",-0.81150157191435,0.342480384353944,-2.36948336017892,0.023631680337388,"rsnPain"
"age22-2915",0.434058415103159,0.243125908244841,1.78532357261588,0.0831326506045248,"rsnPain"
"age30-4915",0.567884395554058,0.271613112875776,2.09078416554131,0.0440947782936876,"rsnPain"
"age50+15",0.364194911733829,0.312046965941786,1.16711569566028,0.251284163337152,"rsnPain"
"hasInsurance15",0.157881545938894,0.224860300164705,0.702131704988605,0.487376234501954,"rsnPain"
"(Intercept)16",-4.65571109339915,0.928679947363832,-5.01325683473078,1.65115845369655e-05,"rsnEmot"
"sexWomen16",0.551162546247166,0.415381050671636,1.32688418346476,0.19338985295101,"rsnEmot"
"employmentemployed part time16",0.0221663524934569,0.450469884914347,0.0492071795158331,0.961042124228709,"rsnEmot"
"employmentunemployed16",-0.22469851818499,0.43018437319476,-0.522330731161313,0.60482699279643,"rsnEmot"
"employmentother16",-1.14285175163621,0.610026023912494,-1.87344753639584,0.0696236622803477,"rsnEmot"
"edhigh school grad16",2.0134575251464,0.7971611787378,2.52578472064388,0.0163702439184168,"rsnEmot"
"edsome col/assoc dg16",1.85544086528463,0.815663646215984,2.27476224285876,0.0293460904254978,"rsnEmot"
"edcollege grad16",2.11393581593789,0.918533596169504,2.30142460194541,0.0276233850181672,"rsnEmot"
"raceBlack16",-0.38016537391176,0.585259497662455,-0.649567201267391,0.520336408979552,"rsnEmot"
"raceNative Am/AK/pac isl16",0.00643379523857553,0.859901738512849,0.00748201213048181,0.994074003147897,"rsnEmot"
"raceasian16",-15.1283576719828,0.337347799476847,-44.8449869702531,7.75419528051649e-32,"rsnEmot"
"racemore than one16",0.526912797262424,0.60952522088952,0.864464306322659,0.393391109235552,"rsnEmot"
"racehispanic16",-0.317132120305459,0.401713934860743,-0.789447646159935,0.43532151410151,"rsnEmot"
"age22-2916",-0.842479161111064,0.32706291195732,-2.5758932924226,0.0145167155485841,"rsnEmot"
"age30-4916",-1.16288709537534,0.335849063302028,-3.4625289227904,0.0014639897650916,"rsnEmot"
"age50+16",-1.60591001343134,1.06096973845177,-1.51362471070548,0.139362385128559,"rsnEmot"
"hasInsurance16",-0.122431108095075,0.344270816947151,-0.355624415629365,0.72431884097305,"rsnEmot"
"(Intercept)17",-2.27777502921497,0.471469913524582,-4.83122032578269,2.83992732428908e-05,"rsnHigh"
"sexWomen17",-0.767095842974418,0.220913052077355,-3.47238805385664,0.0014249620648393,"rsnHigh"
"employmentemployed part time17",-0.07209979514429,0.309612038815307,-0.232871420052564,0.817257478650079,"rsnHigh"
"employmentunemployed17",1.11688213218671,0.3543877829776,3.15158192757821,0.00338105206038027,"rsnHigh"
"employmentother17",0.337343249489242,0.329016681138563,1.02530743523965,0.312457946144379,"rsnHigh"
"edhigh school grad17",0.442525122918235,0.353710438200643,1.25109432780497,0.219440674518879,"rsnHigh"
"edsome col/assoc dg17",0.50302099202925,0.389544375589392,1.29130600658311,0.205308120694265,"rsnHigh"
"edcollege grad17",1.2625904163647,0.427035191313853,2.95664254854526,0.00561979630583676,"rsnHigh"
"raceBlack17",-1.82926270311307,0.577177422725638,-3.16932477101173,0.00322607914489089,"rsnHigh"
"raceNative Am/AK/pac isl17",0.0495815033336377,0.747818119287431,0.0663015538870362,0.947526086615728,"rsnHigh"
"raceasian17",-3.34015587294654,1.03383943198819,-3.23082653804668,0.00273958505655134,"rsnHigh"
"racemore than one17",-0.630394428678797,0.897175575697657,-0.70264332395428,0.487061310191147,"rsnHigh"
"racehispanic17",-0.912947627527434,0.343467533086689,-2.65803180674143,0.0118916604937117,"rsnHigh"
"age22-2917",-0.262660750228952,0.290437967330698,-0.904360929953354,0.372167741814496,"rsnHigh"
"age30-4917",-0.827052589554212,0.340909253524091,-2.42601977213788,0.0207214405646538,"rsnHigh"
"age50+17",-1.68594712085793,0.537294925861459,-3.13784299778155,0.00350588785549363,"rsnHigh"
"hasInsurance17",-0.246376021941067,0.420894474918889,-0.585362927343122,0.562169061261908,"rsnHigh"
"(Intercept)18",-3.99298530746224,0.869463949550182,-4.59246793329156,5.76204815349244e-05,"rsnRelax"
"sexWomen18",0.146364216218394,0.28149379009924,0.519955399963862,0.606463820126597,"rsnRelax"
"employmentemployed part time18",-0.215540756411191,0.33420532714734,-0.64493513089983,0.523297476915817,"rsnRelax"
"employmentunemployed18",-0.203280767835144,0.470526843858901,-0.432027992639039,0.66844870198653,"rsnRelax"
"employmentother18",-0.111184707987791,0.423681557414542,-0.262425177688357,0.794577229863341,"rsnRelax"
"edhigh school grad18",-0.266480699741862,0.55882662423877,-0.476857558647748,0.636514312274006,"rsnRelax"
"edsome col/assoc dg18",0.88333976233975,0.523477878982662,1.68744429861382,0.100672754747723,"rsnRelax"
"edcollege grad18",0.941930661766246,0.505372754341969,1.8638334846379,0.0709997619196167,"rsnRelax"
"raceBlack18",-0.0525690693131884,0.421633708612766,-0.124679474717873,0.901511559493772,"rsnRelax"
"raceNative Am/AK/pac isl18",-1.0535075171726,0.712655654578595,-1.47828409190909,0.148536872754058,"rsnRelax"
"raceasian18",-0.620079508874234,1.03129421910392,-0.601263439072713,0.551652556605565,"rsnRelax"
"racemore than one18",-0.943218293147798,0.587371827371392,-1.60582828319991,0.117560970879371,"rsnRelax"
"racehispanic18",-0.376603273348682,0.619984313939212,-0.607440002724983,0.547594806212571,"rsnRelax"
"age22-2918",0.0889557667843865,0.299636824405393,0.296878619511846,0.768365350045851,"rsnRelax"
"age30-4918",-0.484466972042334,0.391088658336479,-1.2387650772156,0.223916834034825,"rsnRelax"
"age50+18",-1.3324313453304,0.738128800287904,-1.80514748213414,0.0799141049463069,"rsnRelax"
"hasInsurance18",0.745412805453144,0.419389328874254,1.77737666204817,0.0844533473140291,"rsnRelax"
"(Intercept)19",-3.71012000324204,1.01162811424832,-3.66747419430788,0.000830317147827111,"rsnExp"
"sexWomen19",-0.904409212337406,0.599411744936917,-1.50882798006,0.14058025154616,"rsnExp"
"employmentemployed part time19",0.788041610137386,0.655182017761053,1.20278272109841,0.237369667245343,"rsnExp"
"employmentunemployed19",0.384003909816249,0.854795125743142,0.449235025155769,0.65611277486141,"rsnExp"
"employmentother19",-1.54681742324274,0.999510747712786,-1.54757457764449,0.130983505757885,"rsnExp"
"edhigh school grad19",-1.30667343076141,0.904357801408426,-1.44486333697396,0.157650154174023,"rsnExp"
"edsome col/assoc dg19",-0.391624100099562,0.742705243718956,-0.527294109488952,0.601413454683708,"rsnExp"
"edcollege grad19",0.0339180865600957,0.979170389241346,0.0346396162841231,0.972569681260284,"rsnExp"
"raceBlack19",-17.4090071106319,0.380491416366213,-45.7540074803583,3.96200514052439e-32,"rsnExp"
"raceNative Am/AK/pac isl19",-16.391695795024,0.531406865697836,-30.8458487330581,1.92058069068704e-26,"rsnExp"
"raceasian19",-17.5847636340119,0.530572321092873,-33.1430097932564,1.80307190404366e-27,"rsnExp"
"racemore than one19",-0.0211927671400216,1.01543717190731,-0.0208705843417323,0.983470895180727,"rsnExp"
"racehispanic19",0.0188330192124353,0.606551190748333,0.0310493483479936,0.975411737480489,"rsnExp"
"age22-2919",-0.669701609159337,0.59813086684853,-1.11965732965413,0.270707329534239,"rsnExp"
"age30-4919",-18.8919624783961,0.564316996097065,-33.4775713101979,1.29417307901004e-27,"rsnExp"
"age50+19",-19.186069321015,0.563598666399687,-34.0420772170686,7.44792841601239e-28,"rsnExp"
"hasInsurance19",0.887201387009758,0.905878436641956,0.979382388544943,0.33430887547182,"rsnExp"
"(Intercept)20",-3.08907613586338,0.749197478594511,-4.12318010153807,0.000227172010257814,"rsnSleep"
"sexWomen20",-0.521719255466023,0.421877754198182,-1.23665979131229,0.224687932701599,"rsnSleep"
"employmentemployed part time20",0.0886797539128009,0.6576559919125,0.134842159127776,0.893531781153758,"rsnSleep"
"employmentunemployed20",-0.636729376800367,0.810082238050191,-0.786005848409822,0.437307961991613,"rsnSleep"
"employmentother20",-1.3849115206162,0.6724444408172,-2.05951813496021,0.0471675684629875,"rsnSleep"
"edhigh school grad20",-0.0756365411084299,0.748519207711249,-0.101048230064402,0.920105722083707,"rsnSleep"
"edsome col/assoc dg20",-0.11492699087267,0.711786799117259,-0.161462661312628,0.872684676195085,"rsnSleep"
"edcollege grad20",0.804051046246804,0.849617072856196,0.946368748857398,0.350638291703683,"rsnSleep"
"raceBlack20",1.40642423236645,0.560317786794206,2.51004745077457,0.0169957287369153,"rsnSleep"
"raceNative Am/AK/pac isl20",0.483177029155185,1.03907740460587,0.46500580901233,0.644891804834313,"rsnSleep"
"raceasian20",0.640261705204265,0.916764376026625,0.698392871655029,0.489681136050635,"rsnSleep"
"racemore than one20",-2.05864314149762,1.1032167153249,-1.86603693807462,0.0706823314856689,"rsnSleep"
"racehispanic20",-1.11626731526992,0.732745141613319,-1.52340459441626,0.136905607660554,"rsnSleep"
"age22-2920",-0.238072494882623,0.673721201801474,-0.353369456454743,0.725993191909883,"rsnSleep"
"age30-4920",-1.22786730840911,0.838024127613179,-1.46519326586249,0.152055210010848,"rsnSleep"
"age50+20",-0.947513015917929,1.17731752137259,-0.804806688694533,0.426523497439701,"rsnSleep"
"hasInsurance20",-0.474770813736193,0.580366964083092,-0.818052789214617,0.419023477702757,"rsnSleep"
